symbol,entity_id,name,domain_id,index_code,snapshot_date,captured_at_asia_shanghai,snapshot_source,snapshot_role,point_in_time,baseline_fundamental_state_available
000519,000519.SZ,中兵红箭,DEFENSE,399973,2026-09-30,2026-09-30T22:53:39+08:00,csindex_cons_xls,official_live_witness,True,False
000733,000733.SZ,振华科技,DEFENSE,399973,2026-09-30,2026-09-30T22:53:39+08:00,csindex_cons_xls,official_live_witness,True,False
000738,000738.SZ,航发控制,DEFENSE,399973,2026-09-30,2026-09-30T22:53:39+08:00,csindex_cons_xls,official_live_witness,True,False
000768,000768.SZ,中航西飞,DEFENSE,399973,2026-09-30,2026-09-30T22:53:39+08:00,csindex_cons_xls,official_live_witness,True,False
002025,002025.SZ,航天电器,DEFENSE,399973,2026-09-30,2026-09-30T22:53:39+08:00,csindex_cons_xls,official_live_witness,True,False
002149,002149.SZ,西部材料,DEFENSE,399973,2026-09-30,2026-09-30T22:53:39+08:00,csindex_cons_xls,official_live_witness,True,False
002171,002171.SZ,楚江新材,DEFENSE,399973,2026-09-30,2026-09-30T22:53:39+08:00,csindex_cons_xls,official_live_witness,True,False
002179,002179.SZ,中航光电,DEFENSE,399973,2026-09-30,2026-09-30T22:53:39+08:00,csindex_cons_xls,official_live_witness,True,False
002246,002246.SZ,北化股份,DEFENSE,399973,2026-09-30,2026-09-30T22:53:39+08:00,csindex_cons_xls,official_live_witness,True,False
002389,002389.SZ,航天彩虹,DEFENSE,399973,2026-09-30,2026-09-30T22:53:39+08:00,csindex_cons_xls,official_live_witness,True,False
002414,002414.SZ,高德红外,DEFENSE,399973,2026-09-30,2026-09-30T22:53:39+08:00,csindex_cons_xls,official_live_witness,True,False
002465,002465.SZ,海格通信,DEFENSE,399973,2026-09-30,2026-09-30T22:53:39+08:00,csindex_cons_xls,official_live_witness,True,False
002985,002985.SZ,北摩高科,DEFENSE,399973,2026-09-30,2026-09-30T22:53:39+08:00,csindex_cons_xls,official_live_witness,True,False
300034,300034.SZ,钢研高纳,DEFENSE,399973,2026-09-30,2026-09-30T22:53:39+08:00,csindex_cons_xls,official_live_witness,True,False
300395,300395.SZ,菲利华,DEFENSE,399973,2026-09-30,2026-09-30T22:53:39+08:00,csindex_cons_xls,official_live_witness,True,True
300699,300699.SZ,光威复材,DEFENSE,399973,2026-09-30,2026-09-30T22:53:39+08:00,csindex_cons_xls,official_live_witness,True,False
300726,300726.SZ,宏达电子,DEFENSE,399973,2026-09-30,2026-09-30T22:53:39+08:00,csindex_cons_xls,official_live_witness,True,False
300775,300775.SZ,三角防务,DEFENSE,399973,2026-09-30,2026-09-30T22:53:39+08:00,csindex_cons_xls,official_live_witness,True,False
300777,300777.SZ,中简科技,DEFENSE,399973,2026-09-30,2026-09-30T22:53:39+08:00,csindex_cons_xls,official_live_witness,True,False
300855,300855.SZ,图南股份,DEFENSE,399973,2026-09-30,2026-09-30T22:53:39+08:00,csindex_cons_xls,official_live_witness,True,False
302132,302132.SZ,中航成飞,DEFENSE,399973,2026-09-30,2026-09-30T22:53:39+08:00,csindex_cons_xls,official_live_witness,True,True
600038,600038.SH,中直股份,DEFENSE,399973,2026-09-30,2026-09-30T22:53:39+08:00,csindex_cons_xls,official_live_witness,True,False
600184,600184.SH,光电股份,DEFENSE,399973,2026-09-30,2026-09-30T22:53:39+08:00,csindex_cons_xls,official_live_witness,True,False
600316,600316.SH,洪都航空,DEFENSE,399973,2026-09-30,2026-09-30T22:53:39+08:00,csindex_cons_xls,official_live_witness,True,False
600372,600372.SH,中航机载,DEFENSE,399973,2026-09-30,2026-09-30T22:53:39+08:00,csindex_cons_xls,official_live_witness,True,False
600391,600391.SH,航发科技,DEFENSE,399973,2026-09-30,2026-09-30T22:53:39+08:00,csindex_cons_xls,official_live_witness,True,False
600416,600416.SH,湘电股份,DEFENSE,399973,2026-09-30,2026-09-30T22:53:39+08:00,csindex_cons_xls,official_live_witness,True,False
600435,600435.SH,北方导航,DEFENSE,399973,2026-09-30,2026-09-30T22:53:39+08:00,csindex_cons_xls,official_live_witness,True,False
600456,600456.SH,宝钛股份,DEFENSE,399973,2026-09-30,2026-09-30T22:53:39+08:00,csindex_cons_xls,official_live_witness,True,False
600562,600562.SH,国睿科技,DEFENSE,399973,2026-09-30,2026-09-30T22:53:39+08:00,csindex_cons_xls,official_live_witness,True,False
600760,600760.SH,中航沈飞,DEFENSE,399973,2026-09-30,2026-09-30T22:53:39+08:00,csindex_cons_xls,official_live_witness,True,False
600765,600765.SH,中航重机,DEFENSE,399973,2026-09-30,2026-09-30T22:53:39+08:00,csindex_cons_xls,official_live_witness,True,False
600862,600862.SH,中航高科,DEFENSE,399973,2026-09-30,2026-09-30T22:53:39+08:00,csindex_cons_xls,official_live_witness,True,False
600879,600879.SH,航天电子,DEFENSE,399973,2026-09-30,2026-09-30T22:53:39+08:00,csindex_cons_xls,official_live_witness,True,False
600893,600893.SH,航发动力,DEFENSE,399973,2026-09-30,2026-09-30T22:53:39+08:00,csindex_cons_xls,official_live_witness,True,False
600967,600967.SH,内蒙一机,DEFENSE,399973,2026-09-30,2026-09-30T22:53:39+08:00,csindex_cons_xls,official_live_witness,True,False
603267,603267.SH,鸿远电子,DEFENSE,399973,2026-09-30,2026-09-30T22:53:39+08:00,csindex_cons_xls,official_live_witness,True,False
603308,603308.SH,应流股份,DEFENSE,399973,2026-09-30,2026-09-30T22:53:39+08:00,csindex_cons_xls,official_live_witness,True,False
603678,603678.SH,火炬电子,DEFENSE,399973,2026-09-30,2026-09-30T22:53:39+08:00,csindex_cons_xls,official_live_witness,True,False
688002,688002.SH,睿创微纳,DEFENSE,399973,2026-09-30,2026-09-30T22:53:39+08:00,csindex_cons_xls,official_live_witness,True,True
688122,688122.SH,西部超导,DEFENSE,399973,2026-09-30,2026-09-30T22:53:39+08:00,csindex_cons_xls,official_live_witness,True,True
688281,688281.SH,华秦科技,DEFENSE,399973,2026-09-30,2026-09-30T22:53:39+08:00,csindex_cons_xls,official_live_witness,True,False
688297,688297.SH,中无人机,DEFENSE,399973,2026-09-30,2026-09-30T22:53:39+08:00,csindex_cons_xls,official_live_witness,True,True
688375,688375.SH,国博电子,DEFENSE,399973,2026-09-30,2026-09-30T22:53:39+08:00,csindex_cons_xls,official_live_witness,True,True
688439,688439.SH,振华风光,DEFENSE,399973,2026-09-30,2026-09-30T22:53:39+08:00,csindex_cons_xls,official_live_witness,True,False
688523,688523.SH,航天环宇,DEFENSE,399973,2026-09-30,2026-09-30T22:53:39+08:00,csindex_cons_xls,official_live_witness,True,False
688543,688543.SH,国科军工,DEFENSE,399973,2026-09-30,2026-09-30T22:53:39+08:00,csindex_cons_xls,official_live_witness,True,False
688552,688552.SH,航天南湖,DEFENSE,399973,2026-09-30,2026-09-30T22:53:39+08:00,csindex_cons_xls,official_live_witness,True,False
688563,688563.SH,航材股份,DEFENSE,399973,2026-09-30,2026-09-30T22:53:39+08:00,csindex_cons_xls,official_live_witness,True,True
688568,688568.SH,中科星图,DEFENSE,399973,2026-09-30,2026-09-30T22:53:39+08:00,csindex_cons_xls,official_live_witness,True,True
