category,record_id,applicant,drug_name,indication,source_url,availability_basis,publication_date,approval_date,snapshot_captured_at,acceptance_no,registration_class,status,capture_status,source_record_id,mapping_state
临床试验默示许可,official:0ff2bda62c9a40c8d54e71a0daa6d7ba,山东罗欣药业集团股份有限公司;山东罗欣药业集团股份有限公司,替戈拉生片,与适当的抗菌疗法联用根除成人幽门螺杆菌感染。,https://www.cde.org.cn/main/xxgk/listpage/4b5255eb0a84820cef4ca3e8b6bbe20c,FIRST_OBSERVED_SNAPSHOT_DATE,,,2026-09-30T19:11:58+08:00,CXHL2101815,2.4,,COMPLETE,0ff2bda62c9a40c8d54e71a0daa6d7ba,UNMAPPED_EXACT_NAME_OR_TOKEN_REQUIRED
临床试验默示许可,official:2a0837dfa6f50fdde2127558fad6e3e1,山东罗欣药业集团股份有限公司;罗欣药业（上海）有限公司,注射用LX22001,消化性溃疡出血,https://www.cde.org.cn/main/xxgk/listpage/4b5255eb0a84820cef4ca3e8b6bbe20c,FIRST_OBSERVED_SNAPSHOT_DATE,,,2026-09-30T19:11:58+08:00,CXHL2400380,2.1;2.2;2.4,,COMPLETE,2a0837dfa6f50fdde2127558fad6e3e1,UNMAPPED_EXACT_NAME_OR_TOKEN_REQUIRED
临床试验默示许可,official:2c284970175328eabef1edc5e685aa7d,山东罗欣药业集团股份有限公司;罗欣药业（上海）有限公司,注射用LX22001,预防重症患者应激性溃疡出血,https://www.cde.org.cn/main/xxgk/listpage/4b5255eb0a84820cef4ca3e8b6bbe20c,FIRST_OBSERVED_SNAPSHOT_DATE,,,2026-09-30T19:11:58+08:00,CXHL2401423,2.1;2.2;2.4,,COMPLETE,2c284970175328eabef1edc5e685aa7d,UNMAPPED_EXACT_NAME_OR_TOKEN_REQUIRED
临床试验默示许可,official:334e1b298cd556cace689f53c954774c,"Salix Pharmaceuticals, Inc.;山东罗欣药业集团股份有限公司",普卡那肽片,本品适用于成人慢性特发性便秘。,https://www.cde.org.cn/main/xxgk/listpage/4b5255eb0a84820cef4ca3e8b6bbe20c,FIRST_OBSERVED_SNAPSHOT_DATE,,,2026-09-30T19:11:58+08:00,JXHL2000030,5.1,,COMPLETE,334e1b298cd556cace689f53c954774c,UNMAPPED_EXACT_NAME_OR_TOKEN_REQUIRED
临床试验默示许可,official:4f04a710ad0174b3efd1e0eff09cfd3f,山东罗欣药业集团股份有限公司;罗欣药业（上海）有限公司,注射用LX22001,预防重症患者应激性溃疡出血,https://www.cde.org.cn/main/xxgk/listpage/4b5255eb0a84820cef4ca3e8b6bbe20c,FIRST_OBSERVED_SNAPSHOT_DATE,,,2026-09-30T19:11:58+08:00,CXHL2401424,2.1;2.2;2.4,,COMPLETE,4f04a710ad0174b3efd1e0eff09cfd3f,UNMAPPED_EXACT_NAME_OR_TOKEN_REQUIRED
临床试验默示许可,official:5b4a9d1864b251e78fd33290283825a6,山东罗欣药业集团股份有限公司;罗欣药业（上海）有限公司,LX-086片,本品拟用于晚期实体瘤的治疗。,https://www.cde.org.cn/main/xxgk/listpage/4b5255eb0a84820cef4ca3e8b6bbe20c,FIRST_OBSERVED_SNAPSHOT_DATE,,,2026-09-30T19:11:58+08:00,CXHL2000072,1,,COMPLETE,5b4a9d1864b251e78fd33290283825a6,UNMAPPED_EXACT_NAME_OR_TOKEN_REQUIRED
临床试验默示许可,official:5ef8e777a1c20130b7817320073fdc03,山东罗欣药业集团股份有限公司;罗欣药业（上海）有限公司,LX-086片,本品拟用于晚期实体瘤的治疗。,https://www.cde.org.cn/main/xxgk/listpage/4b5255eb0a84820cef4ca3e8b6bbe20c,FIRST_OBSERVED_SNAPSHOT_DATE,,,2026-09-30T19:11:58+08:00,CXHL2000073,1,,COMPLETE,5ef8e777a1c20130b7817320073fdc03,UNMAPPED_EXACT_NAME_OR_TOKEN_REQUIRED
临床试验默示许可,official:ac6840f79324ed9a6f48ab0a2d24d70a,山东罗欣药业集团股份有限公司;罗欣药业（上海）有限公司,LX-039片,拟用于治疗雌激素受体阳性晚期乳腺癌,https://www.cde.org.cn/main/xxgk/listpage/4b5255eb0a84820cef4ca3e8b6bbe20c,FIRST_OBSERVED_SNAPSHOT_DATE,,,2026-09-30T19:11:58+08:00,CXHL1900039,1,,COMPLETE,ac6840f79324ed9a6f48ab0a2d24d70a,UNMAPPED_EXACT_NAME_OR_TOKEN_REQUIRED
临床试验默示许可,official:c5989989a28f81f614494de0b19b6564,山东罗欣药业集团股份有限公司;罗欣药业（上海）有限公司,注射用LX22001,本品可作为当口服疗法不适用时，用于下列病症的替代疗法：反流性食管炎、十二指肠溃疡。,https://www.cde.org.cn/main/xxgk/listpage/4b5255eb0a84820cef4ca3e8b6bbe20c,FIRST_OBSERVED_SNAPSHOT_DATE,,,2026-09-30T19:11:58+08:00,CXHL2400377,2.1;2.2,,COMPLETE,c5989989a28f81f614494de0b19b6564,UNMAPPED_EXACT_NAME_OR_TOKEN_REQUIRED
临床试验默示许可,official:ca0b82b32f8a8d4ef4bede2b4ab10106,山东罗欣药业集团股份有限公司;罗欣药业（上海）有限公司,注射用LX22001,本品可作为当口服疗法不适用时，用于下列病症的替代疗法：反流性食管炎、十二指肠溃疡。,https://www.cde.org.cn/main/xxgk/listpage/4b5255eb0a84820cef4ca3e8b6bbe20c,FIRST_OBSERVED_SNAPSHOT_DATE,,,2026-09-30T19:11:58+08:00,CXHL2400378,2.1;2.2,,COMPLETE,ca0b82b32f8a8d4ef4bede2b4ab10106,UNMAPPED_EXACT_NAME_OR_TOKEN_REQUIRED
临床试验默示许可,official:cc357365c7413ebc211d390e8edf4371,山东罗欣药业集团股份有限公司;罗欣药业（上海）有限公司,注射用LX22001,消化性溃疡出血,https://www.cde.org.cn/main/xxgk/listpage/4b5255eb0a84820cef4ca3e8b6bbe20c,FIRST_OBSERVED_SNAPSHOT_DATE,,,2026-09-30T19:11:58+08:00,CXHL2400379,2.1;2.2;2.4,,COMPLETE,cc357365c7413ebc211d390e8edf4371,UNMAPPED_EXACT_NAME_OR_TOKEN_REQUIRED
临床试验默示许可,official:e5759661ee0b5cf203c0a2f60d623889,山东罗欣药业集团股份有限公司;山东罗欣药业集团股份有限公司,LXI-15028片,十二指肠溃疡,https://www.cde.org.cn/main/xxgk/listpage/4b5255eb0a84820cef4ca3e8b6bbe20c,FIRST_OBSERVED_SNAPSHOT_DATE,,,2026-09-30T19:11:58+08:00,CXHB2101005,2.4,,COMPLETE,e5759661ee0b5cf203c0a2f60d623889,UNMAPPED_EXACT_NAME_OR_TOKEN_REQUIRED
临床试验默示许可,official:f46beb7b35632da34b1c18b35ed5e7fc,山东罗欣药业集团股份有限公司;罗欣药业（上海）有限公司,LX-039片,拟用于治疗雌激素受体阳性晚期乳腺癌,https://www.cde.org.cn/main/xxgk/listpage/4b5255eb0a84820cef4ca3e8b6bbe20c,FIRST_OBSERVED_SNAPSHOT_DATE,,,2026-09-30T19:11:58+08:00,CXHL1900040,1,,COMPLETE,f46beb7b35632da34b1c18b35ed5e7fc,UNMAPPED_EXACT_NAME_OR_TOKEN_REQUIRED
临床试验默示许可,official:2284f6c3fbd6b02731326ffdadffe272,浙江医药股份有限公司新昌制药厂;浙江创新生物有限公司,XC2309注射液,本品临床拟用于各种情况引起的消化道溃疡出血。,https://www.cde.org.cn/main/xxgk/listpage/4b5255eb0a84820cef4ca3e8b6bbe20c,FIRST_OBSERVED_SNAPSHOT_DATE,,,2026-09-30T19:11:58+08:00,CXHL2500533,1,,COMPLETE,2284f6c3fbd6b02731326ffdadffe272,UNMAPPED_EXACT_NAME_OR_TOKEN_REQUIRED
临床试验默示许可,official:4eb205e25629ae84f999d7fa22cddf57,浙江医药股份有限公司新昌制药厂;南京烁慧医药科技有限公司,SH-337片,本品拟用于消化系统酸相关性疾病的治疗。,https://www.cde.org.cn/main/xxgk/listpage/4b5255eb0a84820cef4ca3e8b6bbe20c,FIRST_OBSERVED_SNAPSHOT_DATE,,,2026-09-30T19:11:58+08:00,CXHL2300993,1,,COMPLETE,4eb205e25629ae84f999d7fa22cddf57,UNMAPPED_EXACT_NAME_OR_TOKEN_REQUIRED
临床试验默示许可,official:718b1b4ec10fef3091d2dcac691b581d,浙江医药股份有限公司新昌制药厂,XC2309注射液,本品临床拟用于各种情况引起的消化道溃疡出血。,https://www.cde.org.cn/main/xxgk/listpage/4b5255eb0a84820cef4ca3e8b6bbe20c,FIRST_OBSERVED_SNAPSHOT_DATE,,,2026-09-30T19:11:58+08:00,CXHB2600053,1,,COMPLETE,718b1b4ec10fef3091d2dcac691b581d,UNMAPPED_EXACT_NAME_OR_TOKEN_REQUIRED
临床试验默示许可,official:8c38a82ed37838d02a06de9e05c87e27,浙江医药股份有限公司新昌制药厂,右佐匹克隆片,用于治疗失眠，缩短睡眠潜伏期，改善睡眠质量。,https://www.cde.org.cn/main/xxgk/listpage/4b5255eb0a84820cef4ca3e8b6bbe20c,FIRST_OBSERVED_SNAPSHOT_DATE,,,2026-09-30T19:11:58+08:00,CYHS1900841,3,,COMPLETE,8c38a82ed37838d02a06de9e05c87e27,UNMAPPED_EXACT_NAME_OR_TOKEN_REQUIRED
临床试验默示许可,official:a89d47f9b042bbc95e3f5062935e4041,浙江医药股份有限公司新昌制药厂;浙江医药股份有限公司新昌制药厂,苹果酸奈诺沙星胶囊,本品适用于治疗： 1、社区获得性肺炎：治疗对奈诺沙星敏感的由肺炎链球菌、金黄色葡萄球菌、流感嗜血杆菌、副流感嗜血杆菌、卡他莫拉菌、肺炎克雷伯菌以及肺炎支原体、肺炎衣原体和嗜肺军团菌所致的轻、中度成人（≥18岁）社区获得性肺炎。 2、单纯性尿路感染： 治疗由大肠埃希菌、肺炎克雷伯菌、肠球菌引起的单纯性尿路感染。,https://www.cde.org.cn/main/xxgk/listpage/4b5255eb0a84820cef4ca3e8b6bbe20c,FIRST_OBSERVED_SNAPSHOT_DATE,,,2026-09-30T19:11:58+08:00,CXHL2300021,2.4,,COMPLETE,a89d47f9b042bbc95e3f5062935e4041,UNMAPPED_EXACT_NAME_OR_TOKEN_REQUIRED
临床试验默示许可,official:bb859f75833c320b2f141161a3338581,浙江医药股份有限公司新昌制药厂,XC2309注射液,本品临床拟用于各种情况引起的消化道溃疡出血。,https://www.cde.org.cn/main/xxgk/listpage/4b5255eb0a84820cef4ca3e8b6bbe20c,FIRST_OBSERVED_SNAPSHOT_DATE,,,2026-09-30T19:11:58+08:00,CXHB2600054,1,,COMPLETE,bb859f75833c320b2f141161a3338581,UNMAPPED_EXACT_NAME_OR_TOKEN_REQUIRED
临床试验默示许可,official:bfdfb042420e0df37ec018c9e8363c74,浙江医药股份有限公司新昌制药厂;温州海鹤药业有限公司,注射用LYSC98,本品适用于由革兰阳性菌引起的细菌性皮肤和软组织感染（ABSSSIs）。,https://www.cde.org.cn/main/xxgk/listpage/4b5255eb0a84820cef4ca3e8b6bbe20c,FIRST_OBSERVED_SNAPSHOT_DATE,,,2026-09-30T19:11:58+08:00,CXHL2400236,1,,COMPLETE,bfdfb042420e0df37ec018c9e8363c74,UNMAPPED_EXACT_NAME_OR_TOKEN_REQUIRED
临床试验默示许可,official:f2ca1fde000f299838b96a17993b0436,浙江医药股份有限公司新昌制药厂,XC2309片,本品拟用于消化系统酸相关性疾病的治疗。,https://www.cde.org.cn/main/xxgk/listpage/4b5255eb0a84820cef4ca3e8b6bbe20c,FIRST_OBSERVED_SNAPSHOT_DATE,,,2026-09-30T19:11:58+08:00,CXHB2400235,1,,COMPLETE,f2ca1fde000f299838b96a17993b0436,UNMAPPED_EXACT_NAME_OR_TOKEN_REQUIRED
纳入优先审评品种名单,official:d534da1b77b8f163bb127353f6f61628,浙江医药股份有限公司新昌制药厂,苹果酸奈诺沙星氯化钠注射液,本品可用于治疗对奈诺沙星敏感的由肺炎链球菌、金黄色葡萄球菌、流感嗜血杆菌、副流感嗜血杆菌、卡他莫拉菌、肺炎克雷伯菌、大肠埃希菌、铜绿假单胞菌、鲍曼不动杆菌以及肺炎支原体、肺炎衣原体和嗜肺军团菌所致的轻、中、重度成人（≥18岁）社区获得性肺炎。,https://www.cde.org.cn/main/xxgk/listpage/2f78f372d351c6851af7431c7710a731,PUBLICATION_DATE_EXPLICIT,2018-01-29,,,CXHS1700005,,已纳入,COMPLETE,d534da1b77b8f163bb127353f6f61628,UNMAPPED_EXACT_NAME_OR_TOKEN_REQUIRED
