symbol,market,scope_role
000001,SZ,A500_REMAINING_MISSING_EXCLUDING_PRIORITY
000002,SZ,A500_REMAINING_MISSING_EXCLUDING_PRIORITY
000032,SZ,A500_REMAINING_MISSING_EXCLUDING_PRIORITY
000034,SZ,A500_REMAINING_MISSING_EXCLUDING_PRIORITY
000035,SZ,A500_REMAINING_MISSING_EXCLUDING_PRIORITY
000039,SZ,A500_REMAINING_MISSING_EXCLUDING_PRIORITY
000063,SZ,A500_REMAINING_MISSING_EXCLUDING_PRIORITY
000066,SZ,A500_REMAINING_MISSING_EXCLUDING_PRIORITY
000069,SZ,A500_REMAINING_MISSING_EXCLUDING_PRIORITY
000100,SZ,A500_REMAINING_MISSING_EXCLUDING_PRIORITY
000157,SZ,A500_REMAINING_MISSING_EXCLUDING_PRIORITY
000301,SZ,A500_REMAINING_MISSING_EXCLUDING_PRIORITY
000333,SZ,A500_REMAINING_MISSING_EXCLUDING_PRIORITY
000338,SZ,A500_REMAINING_MISSING_EXCLUDING_PRIORITY
000400,SZ,A500_REMAINING_MISSING_EXCLUDING_PRIORITY
000408,SZ,A500_REMAINING_MISSING_EXCLUDING_PRIORITY
000415,SZ,A500_REMAINING_MISSING_EXCLUDING_PRIORITY
000423,SZ,A500_REMAINING_MISSING_EXCLUDING_PRIORITY
000425,SZ,A500_REMAINING_MISSING_EXCLUDING_PRIORITY
000426,SZ,A500_REMAINING_MISSING_EXCLUDING_PRIORITY
000538,SZ,A500_REMAINING_MISSING_EXCLUDING_PRIORITY
000547,SZ,A500_REMAINING_MISSING_EXCLUDING_PRIORITY
000568,SZ,A500_REMAINING_MISSING_EXCLUDING_PRIORITY
000617,SZ,A500_REMAINING_MISSING_EXCLUDING_PRIORITY
000623,SZ,A500_REMAINING_MISSING_EXCLUDING_PRIORITY
000625,SZ,A500_REMAINING_MISSING_EXCLUDING_PRIORITY
000630,SZ,A500_REMAINING_MISSING_EXCLUDING_PRIORITY
000651,SZ,A500_REMAINING_MISSING_EXCLUDING_PRIORITY
000657,SZ,A500_REMAINING_MISSING_EXCLUDING_PRIORITY
000683,SZ,A500_REMAINING_MISSING_EXCLUDING_PRIORITY
000725,SZ,A500_REMAINING_MISSING_EXCLUDING_PRIORITY
000786,SZ,A500_REMAINING_MISSING_EXCLUDING_PRIORITY
000792,SZ,A500_REMAINING_MISSING_EXCLUDING_PRIORITY
000807,SZ,A500_REMAINING_MISSING_EXCLUDING_PRIORITY
000830,SZ,A500_REMAINING_MISSING_EXCLUDING_PRIORITY
000831,SZ,A500_REMAINING_MISSING_EXCLUDING_PRIORITY
000833,SZ,A500_REMAINING_MISSING_EXCLUDING_PRIORITY
000858,SZ,A500_REMAINING_MISSING_EXCLUDING_PRIORITY
000878,SZ,A500_REMAINING_MISSING_EXCLUDING_PRIORITY
000887,SZ,A500_REMAINING_MISSING_EXCLUDING_PRIORITY
000932,SZ,A500_REMAINING_MISSING_EXCLUDING_PRIORITY
000933,SZ,A500_REMAINING_MISSING_EXCLUDING_PRIORITY
000938,SZ,A500_REMAINING_MISSING_EXCLUDING_PRIORITY
000960,SZ,A500_REMAINING_MISSING_EXCLUDING_PRIORITY
000967,SZ,A500_REMAINING_MISSING_EXCLUDING_PRIORITY
000975,SZ,A500_REMAINING_MISSING_EXCLUDING_PRIORITY
000977,SZ,A500_REMAINING_MISSING_EXCLUDING_PRIORITY
000988,SZ,A500_REMAINING_MISSING_EXCLUDING_PRIORITY
000998,SZ,A500_REMAINING_MISSING_EXCLUDING_PRIORITY
000999,SZ,A500_REMAINING_MISSING_EXCLUDING_PRIORITY
001965,SZ,A500_REMAINING_MISSING_EXCLUDING_PRIORITY
001979,SZ,A500_REMAINING_MISSING_EXCLUDING_PRIORITY
002001,SZ,A500_REMAINING_MISSING_EXCLUDING_PRIORITY
002008,SZ,A500_REMAINING_MISSING_EXCLUDING_PRIORITY
002027,SZ,A500_REMAINING_MISSING_EXCLUDING_PRIORITY
002028,SZ,A500_REMAINING_MISSING_EXCLUDING_PRIORITY
002044,SZ,A500_REMAINING_MISSING_EXCLUDING_PRIORITY
002049,SZ,A500_REMAINING_MISSING_EXCLUDING_PRIORITY
002050,SZ,A500_REMAINING_MISSING_EXCLUDING_PRIORITY
002064,SZ,A500_REMAINING_MISSING_EXCLUDING_PRIORITY
002065,SZ,A500_REMAINING_MISSING_EXCLUDING_PRIORITY
002074,SZ,A500_REMAINING_MISSING_EXCLUDING_PRIORITY
002078,SZ,A500_REMAINING_MISSING_EXCLUDING_PRIORITY
002080,SZ,A500_REMAINING_MISSING_EXCLUDING_PRIORITY
002085,SZ,A500_REMAINING_MISSING_EXCLUDING_PRIORITY
002091,SZ,A500_REMAINING_MISSING_EXCLUDING_PRIORITY
002120,SZ,A500_REMAINING_MISSING_EXCLUDING_PRIORITY
002126,SZ,A500_REMAINING_MISSING_EXCLUDING_PRIORITY
002128,SZ,A500_REMAINING_MISSING_EXCLUDING_PRIORITY
002129,SZ,A500_REMAINING_MISSING_EXCLUDING_PRIORITY
002130,SZ,A500_REMAINING_MISSING_EXCLUDING_PRIORITY
002131,SZ,A500_REMAINING_MISSING_EXCLUDING_PRIORITY
002138,SZ,A500_REMAINING_MISSING_EXCLUDING_PRIORITY
002155,SZ,A500_REMAINING_MISSING_EXCLUDING_PRIORITY
002156,SZ,A500_REMAINING_MISSING_EXCLUDING_PRIORITY
002176,SZ,A500_REMAINING_MISSING_EXCLUDING_PRIORITY
002185,SZ,A500_REMAINING_MISSING_EXCLUDING_PRIORITY
002195,SZ,A500_REMAINING_MISSING_EXCLUDING_PRIORITY
002202,SZ,A500_REMAINING_MISSING_EXCLUDING_PRIORITY
002223,SZ,A500_REMAINING_MISSING_EXCLUDING_PRIORITY
002230,SZ,A500_REMAINING_MISSING_EXCLUDING_PRIORITY
002236,SZ,A500_REMAINING_MISSING_EXCLUDING_PRIORITY
002241,SZ,A500_REMAINING_MISSING_EXCLUDING_PRIORITY
002244,SZ,A500_REMAINING_MISSING_EXCLUDING_PRIORITY
002252,SZ,A500_REMAINING_MISSING_EXCLUDING_PRIORITY
002266,SZ,A500_REMAINING_MISSING_EXCLUDING_PRIORITY
002271,SZ,A500_REMAINING_MISSING_EXCLUDING_PRIORITY
002273,SZ,A500_REMAINING_MISSING_EXCLUDING_PRIORITY
002281,SZ,A500_REMAINING_MISSING_EXCLUDING_PRIORITY
002292,SZ,A500_REMAINING_MISSING_EXCLUDING_PRIORITY
002318,SZ,A500_REMAINING_MISSING_EXCLUDING_PRIORITY
002340,SZ,A500_REMAINING_MISSING_EXCLUDING_PRIORITY
002352,SZ,A500_REMAINING_MISSING_EXCLUDING_PRIORITY
002353,SZ,A500_REMAINING_MISSING_EXCLUDING_PRIORITY
002371,SZ,A500_REMAINING_MISSING_EXCLUDING_PRIORITY
002384,SZ,A500_REMAINING_MISSING_EXCLUDING_PRIORITY
002405,SZ,A500_REMAINING_MISSING_EXCLUDING_PRIORITY
002407,SZ,A500_REMAINING_MISSING_EXCLUDING_PRIORITY
002410,SZ,A500_REMAINING_MISSING_EXCLUDING_PRIORITY
002415,SZ,A500_REMAINING_MISSING_EXCLUDING_PRIORITY
002432,SZ,A500_REMAINING_MISSING_EXCLUDING_PRIORITY
002436,SZ,A500_REMAINING_MISSING_EXCLUDING_PRIORITY
002444,SZ,A500_REMAINING_MISSING_EXCLUDING_PRIORITY
002456,SZ,A500_REMAINING_MISSING_EXCLUDING_PRIORITY
002459,SZ,A500_REMAINING_MISSING_EXCLUDING_PRIORITY
002460,SZ,A500_REMAINING_MISSING_EXCLUDING_PRIORITY
002463,SZ,A500_REMAINING_MISSING_EXCLUDING_PRIORITY
002466,SZ,A500_REMAINING_MISSING_EXCLUDING_PRIORITY
002472,SZ,A500_REMAINING_MISSING_EXCLUDING_PRIORITY
002475,SZ,A500_REMAINING_MISSING_EXCLUDING_PRIORITY
002493,SZ,A500_REMAINING_MISSING_EXCLUDING_PRIORITY
002497,SZ,A500_REMAINING_MISSING_EXCLUDING_PRIORITY
002517,SZ,A500_REMAINING_MISSING_EXCLUDING_PRIORITY
002532,SZ,A500_REMAINING_MISSING_EXCLUDING_PRIORITY
002544,SZ,A500_REMAINING_MISSING_EXCLUDING_PRIORITY
002555,SZ,A500_REMAINING_MISSING_EXCLUDING_PRIORITY
002558,SZ,A500_REMAINING_MISSING_EXCLUDING_PRIORITY
002572,SZ,A500_REMAINING_MISSING_EXCLUDING_PRIORITY
002594,SZ,A500_REMAINING_MISSING_EXCLUDING_PRIORITY
002595,SZ,A500_REMAINING_MISSING_EXCLUDING_PRIORITY
002600,SZ,A500_REMAINING_MISSING_EXCLUDING_PRIORITY
002601,SZ,A500_REMAINING_MISSING_EXCLUDING_PRIORITY
002602,SZ,A500_REMAINING_MISSING_EXCLUDING_PRIORITY
002607,SZ,A500_REMAINING_MISSING_EXCLUDING_PRIORITY
002625,SZ,A500_REMAINING_MISSING_EXCLUDING_PRIORITY
002648,SZ,A500_REMAINING_MISSING_EXCLUDING_PRIORITY
002709,SZ,A500_REMAINING_MISSING_EXCLUDING_PRIORITY
002714,SZ,A500_REMAINING_MISSING_EXCLUDING_PRIORITY
002738,SZ,A500_REMAINING_MISSING_EXCLUDING_PRIORITY
002756,SZ,A500_REMAINING_MISSING_EXCLUDING_PRIORITY
002812,SZ,A500_REMAINING_MISSING_EXCLUDING_PRIORITY
002831,SZ,A500_REMAINING_MISSING_EXCLUDING_PRIORITY
002837,SZ,A500_REMAINING_MISSING_EXCLUDING_PRIORITY
002851,SZ,A500_REMAINING_MISSING_EXCLUDING_PRIORITY
002891,SZ,A500_REMAINING_MISSING_EXCLUDING_PRIORITY
002916,SZ,A500_REMAINING_MISSING_EXCLUDING_PRIORITY
002920,SZ,A500_REMAINING_MISSING_EXCLUDING_PRIORITY
002938,SZ,A500_REMAINING_MISSING_EXCLUDING_PRIORITY
003816,SZ,A500_REMAINING_MISSING_EXCLUDING_PRIORITY
300012,SZ,A500_REMAINING_MISSING_EXCLUDING_PRIORITY
300049,SZ,A500_REMAINING_MISSING_EXCLUDING_PRIORITY
300054,SZ,A500_REMAINING_MISSING_EXCLUDING_PRIORITY
300083,SZ,A500_REMAINING_MISSING_EXCLUDING_PRIORITY
300100,SZ,A500_REMAINING_MISSING_EXCLUDING_PRIORITY
300144,SZ,A500_REMAINING_MISSING_EXCLUDING_PRIORITY
300342,SZ,A500_REMAINING_MISSING_EXCLUDING_PRIORITY
300409,SZ,A500_REMAINING_MISSING_EXCLUDING_PRIORITY
300454,SZ,A500_REMAINING_MISSING_EXCLUDING_PRIORITY
300457,SZ,A500_REMAINING_MISSING_EXCLUDING_PRIORITY
300832,SZ,A500_REMAINING_MISSING_EXCLUDING_PRIORITY
300866,SZ,A500_REMAINING_MISSING_EXCLUDING_PRIORITY
300919,SZ,A500_REMAINING_MISSING_EXCLUDING_PRIORITY
300972,SZ,A500_REMAINING_MISSING_EXCLUDING_PRIORITY
301078,SZ,A500_REMAINING_MISSING_EXCLUDING_PRIORITY
301358,SZ,A500_REMAINING_MISSING_EXCLUDING_PRIORITY
301550,SZ,A500_REMAINING_MISSING_EXCLUDING_PRIORITY
600000,SH,A500_REMAINING_MISSING_EXCLUDING_PRIORITY
600004,SH,A500_REMAINING_MISSING_EXCLUDING_PRIORITY
600008,SH,A500_REMAINING_MISSING_EXCLUDING_PRIORITY
600009,SH,A500_REMAINING_MISSING_EXCLUDING_PRIORITY
600010,SH,A500_REMAINING_MISSING_EXCLUDING_PRIORITY
600011,SH,A500_REMAINING_MISSING_EXCLUDING_PRIORITY
600018,SH,A500_REMAINING_MISSING_EXCLUDING_PRIORITY
600019,SH,A500_REMAINING_MISSING_EXCLUDING_PRIORITY
600026,SH,A500_REMAINING_MISSING_EXCLUDING_PRIORITY
600028,SH,A500_REMAINING_MISSING_EXCLUDING_PRIORITY
600029,SH,A500_REMAINING_MISSING_EXCLUDING_PRIORITY
600030,SH,A500_REMAINING_MISSING_EXCLUDING_PRIORITY
600031,SH,A500_REMAINING_MISSING_EXCLUDING_PRIORITY
600036,SH,A500_REMAINING_MISSING_EXCLUDING_PRIORITY
600039,SH,A500_REMAINING_MISSING_EXCLUDING_PRIORITY
600048,SH,A500_REMAINING_MISSING_EXCLUDING_PRIORITY
600050,SH,A500_REMAINING_MISSING_EXCLUDING_PRIORITY
600064,SH,A500_REMAINING_MISSING_EXCLUDING_PRIORITY
600066,SH,A500_REMAINING_MISSING_EXCLUDING_PRIORITY
600085,SH,A500_REMAINING_MISSING_EXCLUDING_PRIORITY
600089,SH,A500_REMAINING_MISSING_EXCLUDING_PRIORITY
600096,SH,A500_REMAINING_MISSING_EXCLUDING_PRIORITY
600104,SH,A500_REMAINING_MISSING_EXCLUDING_PRIORITY
600111,SH,A500_REMAINING_MISSING_EXCLUDING_PRIORITY
600115,SH,A500_REMAINING_MISSING_EXCLUDING_PRIORITY
600118,SH,A500_REMAINING_MISSING_EXCLUDING_PRIORITY
600141,SH,A500_REMAINING_MISSING_EXCLUDING_PRIORITY
600143,SH,A500_REMAINING_MISSING_EXCLUDING_PRIORITY
600150,SH,A500_REMAINING_MISSING_EXCLUDING_PRIORITY
600153,SH,A500_REMAINING_MISSING_EXCLUDING_PRIORITY
600157,SH,A500_REMAINING_MISSING_EXCLUDING_PRIORITY
600160,SH,A500_REMAINING_MISSING_EXCLUDING_PRIORITY
600161,SH,A500_REMAINING_MISSING_EXCLUDING_PRIORITY
600166,SH,A500_REMAINING_MISSING_EXCLUDING_PRIORITY
600170,SH,A500_REMAINING_MISSING_EXCLUDING_PRIORITY
600176,SH,A500_REMAINING_MISSING_EXCLUDING_PRIORITY
600177,SH,A500_REMAINING_MISSING_EXCLUDING_PRIORITY
600183,SH,A500_REMAINING_MISSING_EXCLUDING_PRIORITY
600208,SH,A500_REMAINING_MISSING_EXCLUDING_PRIORITY
600219,SH,A500_REMAINING_MISSING_EXCLUDING_PRIORITY
600221,SH,A500_REMAINING_MISSING_EXCLUDING_PRIORITY
600226,SH,A500_REMAINING_MISSING_EXCLUDING_PRIORITY
600233,SH,A500_REMAINING_MISSING_EXCLUDING_PRIORITY
600258,SH,A500_REMAINING_MISSING_EXCLUDING_PRIORITY
600309,SH,A500_REMAINING_MISSING_EXCLUDING_PRIORITY
600312,SH,A500_REMAINING_MISSING_EXCLUDING_PRIORITY
600323,SH,A500_REMAINING_MISSING_EXCLUDING_PRIORITY
600325,SH,A500_REMAINING_MISSING_EXCLUDING_PRIORITY
600332,SH,A500_REMAINING_MISSING_EXCLUDING_PRIORITY
600346,SH,A500_REMAINING_MISSING_EXCLUDING_PRIORITY
600352,SH,A500_REMAINING_MISSING_EXCLUDING_PRIORITY
600362,SH,A500_REMAINING_MISSING_EXCLUDING_PRIORITY
600392,SH,A500_REMAINING_MISSING_EXCLUDING_PRIORITY
600398,SH,A500_REMAINING_MISSING_EXCLUDING_PRIORITY
600406,SH,A500_REMAINING_MISSING_EXCLUDING_PRIORITY
600415,SH,A500_REMAINING_MISSING_EXCLUDING_PRIORITY
600418,SH,A500_REMAINING_MISSING_EXCLUDING_PRIORITY
600426,SH,A500_REMAINING_MISSING_EXCLUDING_PRIORITY
600436,SH,A500_REMAINING_MISSING_EXCLUDING_PRIORITY
600438,SH,A500_REMAINING_MISSING_EXCLUDING_PRIORITY
600460,SH,A500_REMAINING_MISSING_EXCLUDING_PRIORITY
600482,SH,A500_REMAINING_MISSING_EXCLUDING_PRIORITY
600486,SH,A500_REMAINING_MISSING_EXCLUDING_PRIORITY
600487,SH,A500_REMAINING_MISSING_EXCLUDING_PRIORITY
600489,SH,A500_REMAINING_MISSING_EXCLUDING_PRIORITY
600497,SH,A500_REMAINING_MISSING_EXCLUDING_PRIORITY
600499,SH,A500_REMAINING_MISSING_EXCLUDING_PRIORITY
600511,SH,A500_REMAINING_MISSING_EXCLUDING_PRIORITY
600515,SH,A500_REMAINING_MISSING_EXCLUDING_PRIORITY
600516,SH,A500_REMAINING_MISSING_EXCLUDING_PRIORITY
600519,SH,A500_REMAINING_MISSING_EXCLUDING_PRIORITY
600522,SH,A500_REMAINING_MISSING_EXCLUDING_PRIORITY
600529,SH,A500_REMAINING_MISSING_EXCLUDING_PRIORITY
600547,SH,A500_REMAINING_MISSING_EXCLUDING_PRIORITY
600549,SH,A500_REMAINING_MISSING_EXCLUDING_PRIORITY
600570,SH,A500_REMAINING_MISSING_EXCLUDING_PRIORITY
600580,SH,A500_REMAINING_MISSING_EXCLUDING_PRIORITY
600584,SH,A500_REMAINING_MISSING_EXCLUDING_PRIORITY
600585,SH,A500_REMAINING_MISSING_EXCLUDING_PRIORITY
600588,SH,A500_REMAINING_MISSING_EXCLUDING_PRIORITY
600635,SH,A500_REMAINING_MISSING_EXCLUDING_PRIORITY
600655,SH,A500_REMAINING_MISSING_EXCLUDING_PRIORITY
600660,SH,A500_REMAINING_MISSING_EXCLUDING_PRIORITY
600663,SH,A500_REMAINING_MISSING_EXCLUDING_PRIORITY
600667,SH,A500_REMAINING_MISSING_EXCLUDING_PRIORITY
600673,SH,A500_REMAINING_MISSING_EXCLUDING_PRIORITY
600674,SH,A500_REMAINING_MISSING_EXCLUDING_PRIORITY
600690,SH,A500_REMAINING_MISSING_EXCLUDING_PRIORITY
600699,SH,A500_REMAINING_MISSING_EXCLUDING_PRIORITY
600704,SH,A500_REMAINING_MISSING_EXCLUDING_PRIORITY
600711,SH,A500_REMAINING_MISSING_EXCLUDING_PRIORITY
600741,SH,A500_REMAINING_MISSING_EXCLUDING_PRIORITY
600754,SH,A500_REMAINING_MISSING_EXCLUDING_PRIORITY
600763,SH,A500_REMAINING_MISSING_EXCLUDING_PRIORITY
600795,SH,A500_REMAINING_MISSING_EXCLUDING_PRIORITY
600803,SH,A500_REMAINING_MISSING_EXCLUDING_PRIORITY
600816,SH,A500_REMAINING_MISSING_EXCLUDING_PRIORITY
600820,SH,A500_REMAINING_MISSING_EXCLUDING_PRIORITY
600839,SH,A500_REMAINING_MISSING_EXCLUDING_PRIORITY
600859,SH,A500_REMAINING_MISSING_EXCLUDING_PRIORITY
600864,SH,A500_REMAINING_MISSING_EXCLUDING_PRIORITY
600875,SH,A500_REMAINING_MISSING_EXCLUDING_PRIORITY
600885,SH,A500_REMAINING_MISSING_EXCLUDING_PRIORITY
600886,SH,A500_REMAINING_MISSING_EXCLUDING_PRIORITY
600887,SH,A500_REMAINING_MISSING_EXCLUDING_PRIORITY
600895,SH,A500_REMAINING_MISSING_EXCLUDING_PRIORITY
600900,SH,A500_REMAINING_MISSING_EXCLUDING_PRIORITY
600905,SH,A500_REMAINING_MISSING_EXCLUDING_PRIORITY
600938,SH,A500_REMAINING_MISSING_EXCLUDING_PRIORITY
600941,SH,A500_REMAINING_MISSING_EXCLUDING_PRIORITY
600988,SH,A500_REMAINING_MISSING_EXCLUDING_PRIORITY
600989,SH,A500_REMAINING_MISSING_EXCLUDING_PRIORITY
600998,SH,A500_REMAINING_MISSING_EXCLUDING_PRIORITY
601000,SH,A500_REMAINING_MISSING_EXCLUDING_PRIORITY
601006,SH,A500_REMAINING_MISSING_EXCLUDING_PRIORITY
601012,SH,A500_REMAINING_MISSING_EXCLUDING_PRIORITY
601018,SH,A500_REMAINING_MISSING_EXCLUDING_PRIORITY
601021,SH,A500_REMAINING_MISSING_EXCLUDING_PRIORITY
601058,SH,A500_REMAINING_MISSING_EXCLUDING_PRIORITY
601088,SH,A500_REMAINING_MISSING_EXCLUDING_PRIORITY
601100,SH,A500_REMAINING_MISSING_EXCLUDING_PRIORITY
601111,SH,A500_REMAINING_MISSING_EXCLUDING_PRIORITY
601117,SH,A500_REMAINING_MISSING_EXCLUDING_PRIORITY
601127,SH,A500_REMAINING_MISSING_EXCLUDING_PRIORITY
601155,SH,A500_REMAINING_MISSING_EXCLUDING_PRIORITY
601166,SH,A500_REMAINING_MISSING_EXCLUDING_PRIORITY
601168,SH,A500_REMAINING_MISSING_EXCLUDING_PRIORITY
601179,SH,A500_REMAINING_MISSING_EXCLUDING_PRIORITY
601186,SH,A500_REMAINING_MISSING_EXCLUDING_PRIORITY
601211,SH,A500_REMAINING_MISSING_EXCLUDING_PRIORITY
601216,SH,A500_REMAINING_MISSING_EXCLUDING_PRIORITY
601225,SH,A500_REMAINING_MISSING_EXCLUDING_PRIORITY
601233,SH,A500_REMAINING_MISSING_EXCLUDING_PRIORITY
601238,SH,A500_REMAINING_MISSING_EXCLUDING_PRIORITY
601288,SH,A500_REMAINING_MISSING_EXCLUDING_PRIORITY
601318,SH,A500_REMAINING_MISSING_EXCLUDING_PRIORITY
601319,SH,A500_REMAINING_MISSING_EXCLUDING_PRIORITY
601328,SH,A500_REMAINING_MISSING_EXCLUDING_PRIORITY
601360,SH,A500_REMAINING_MISSING_EXCLUDING_PRIORITY
601390,SH,A500_REMAINING_MISSING_EXCLUDING_PRIORITY
601398,SH,A500_REMAINING_MISSING_EXCLUDING_PRIORITY
601567,SH,A500_REMAINING_MISSING_EXCLUDING_PRIORITY
601600,SH,A500_REMAINING_MISSING_EXCLUDING_PRIORITY
601601,SH,A500_REMAINING_MISSING_EXCLUDING_PRIORITY
601607,SH,A500_REMAINING_MISSING_EXCLUDING_PRIORITY
601615,SH,A500_REMAINING_MISSING_EXCLUDING_PRIORITY
601618,SH,A500_REMAINING_MISSING_EXCLUDING_PRIORITY
601628,SH,A500_REMAINING_MISSING_EXCLUDING_PRIORITY
601633,SH,A500_REMAINING_MISSING_EXCLUDING_PRIORITY
601658,SH,A500_REMAINING_MISSING_EXCLUDING_PRIORITY
601668,SH,A500_REMAINING_MISSING_EXCLUDING_PRIORITY
601669,SH,A500_REMAINING_MISSING_EXCLUDING_PRIORITY
601677,SH,A500_REMAINING_MISSING_EXCLUDING_PRIORITY
601689,SH,A500_REMAINING_MISSING_EXCLUDING_PRIORITY
601727,SH,A500_REMAINING_MISSING_EXCLUDING_PRIORITY
601728,SH,A500_REMAINING_MISSING_EXCLUDING_PRIORITY
601766,SH,A500_REMAINING_MISSING_EXCLUDING_PRIORITY
601799,SH,A500_REMAINING_MISSING_EXCLUDING_PRIORITY
601800,SH,A500_REMAINING_MISSING_EXCLUDING_PRIORITY
601816,SH,A500_REMAINING_MISSING_EXCLUDING_PRIORITY
601857,SH,A500_REMAINING_MISSING_EXCLUDING_PRIORITY
601866,SH,A500_REMAINING_MISSING_EXCLUDING_PRIORITY
601868,SH,A500_REMAINING_MISSING_EXCLUDING_PRIORITY
601872,SH,A500_REMAINING_MISSING_EXCLUDING_PRIORITY
601877,SH,A500_REMAINING_MISSING_EXCLUDING_PRIORITY
601880,SH,A500_REMAINING_MISSING_EXCLUDING_PRIORITY
601888,SH,A500_REMAINING_MISSING_EXCLUDING_PRIORITY
601899,SH,A500_REMAINING_MISSING_EXCLUDING_PRIORITY
601919,SH,A500_REMAINING_MISSING_EXCLUDING_PRIORITY
601985,SH,A500_REMAINING_MISSING_EXCLUDING_PRIORITY
601988,SH,A500_REMAINING_MISSING_EXCLUDING_PRIORITY
603019,SH,A500_REMAINING_MISSING_EXCLUDING_PRIORITY
603129,SH,A500_REMAINING_MISSING_EXCLUDING_PRIORITY
603260,SH,A500_REMAINING_MISSING_EXCLUDING_PRIORITY
603288,SH,A500_REMAINING_MISSING_EXCLUDING_PRIORITY
603392,SH,A500_REMAINING_MISSING_EXCLUDING_PRIORITY
603486,SH,A500_REMAINING_MISSING_EXCLUDING_PRIORITY
603501,SH,A500_REMAINING_MISSING_EXCLUDING_PRIORITY
603568,SH,A500_REMAINING_MISSING_EXCLUDING_PRIORITY
603596,SH,A500_REMAINING_MISSING_EXCLUDING_PRIORITY
603605,SH,A500_REMAINING_MISSING_EXCLUDING_PRIORITY
603606,SH,A500_REMAINING_MISSING_EXCLUDING_PRIORITY
603650,SH,A500_REMAINING_MISSING_EXCLUDING_PRIORITY
603659,SH,A500_REMAINING_MISSING_EXCLUDING_PRIORITY
603766,SH,A500_REMAINING_MISSING_EXCLUDING_PRIORITY
603799,SH,A500_REMAINING_MISSING_EXCLUDING_PRIORITY
603806,SH,A500_REMAINING_MISSING_EXCLUDING_PRIORITY
603816,SH,A500_REMAINING_MISSING_EXCLUDING_PRIORITY
603833,SH,A500_REMAINING_MISSING_EXCLUDING_PRIORITY
603885,SH,A500_REMAINING_MISSING_EXCLUDING_PRIORITY
603899,SH,A500_REMAINING_MISSING_EXCLUDING_PRIORITY
603939,SH,A500_REMAINING_MISSING_EXCLUDING_PRIORITY
603979,SH,A500_REMAINING_MISSING_EXCLUDING_PRIORITY
603986,SH,A500_REMAINING_MISSING_EXCLUDING_PRIORITY
603993,SH,A500_REMAINING_MISSING_EXCLUDING_PRIORITY
605090,SH,A500_REMAINING_MISSING_EXCLUDING_PRIORITY
605117,SH,A500_REMAINING_MISSING_EXCLUDING_PRIORITY
605499,SH,A500_REMAINING_MISSING_EXCLUDING_PRIORITY
605589,SH,A500_REMAINING_MISSING_EXCLUDING_PRIORITY
688017,SH,A500_REMAINING_MISSING_EXCLUDING_PRIORITY
688065,SH,A500_REMAINING_MISSING_EXCLUDING_PRIORITY
688676,SH,A500_REMAINING_MISSING_EXCLUDING_PRIORITY
