entity_id,symbol,exchange,in_innovation_drug,in_defense,in_core_beta,shard_id,scope_decision_date,source_membership_identity
000002.SZ,000002,SZ,false,false,true,B,2026-09-30,CSI_OFFICIAL_CONSTITUENT_XLS_2026-09-30::000510
000034.SZ,000034,SZ,false,false,true,B,2026-09-30,CSI_OFFICIAL_CONSTITUENT_XLS_2026-09-30::000510
000039.SZ,000039,SZ,false,false,true,B,2026-09-30,CSI_OFFICIAL_CONSTITUENT_XLS_2026-09-30::000510
000066.SZ,000066,SZ,false,false,true,B,2026-09-30,CSI_OFFICIAL_CONSTITUENT_XLS_2026-09-30::000510
000100.SZ,000100,SZ,false,false,true,B,2026-09-30,CSI_OFFICIAL_CONSTITUENT_XLS_2026-09-30::000510
000301.SZ,000301,SZ,false,false,true,B,2026-09-30,CSI_OFFICIAL_CONSTITUENT_XLS_2026-09-30::000510
000338.SZ,000338,SZ,false,false,true,B,2026-09-30,CSI_OFFICIAL_CONSTITUENT_XLS_2026-09-30::000510
000408.SZ,000408,SZ,false,false,true,B,2026-09-30,CSI_OFFICIAL_CONSTITUENT_XLS_2026-09-30::000510
000423.SZ,000423,SZ,false,false,true,B,2026-09-30,CSI_OFFICIAL_CONSTITUENT_XLS_2026-09-30::000510
000426.SZ,000426,SZ,false,false,true,B,2026-09-30,CSI_OFFICIAL_CONSTITUENT_XLS_2026-09-30::000510
000519.SZ,000519,SZ,false,true,true,B,2026-09-30,CSI_OFFICIAL_CONSTITUENT_XLS_2026-09-30::000510+399973
000547.SZ,000547,SZ,false,false,true,B,2026-09-30,CSI_OFFICIAL_CONSTITUENT_XLS_2026-09-30::000510
000617.SZ,000617,SZ,false,false,true,B,2026-09-30,CSI_OFFICIAL_CONSTITUENT_XLS_2026-09-30::000510
000625.SZ,000625,SZ,false,false,true,B,2026-09-30,CSI_OFFICIAL_CONSTITUENT_XLS_2026-09-30::000510
000651.SZ,000651,SZ,false,false,true,B,2026-09-30,CSI_OFFICIAL_CONSTITUENT_XLS_2026-09-30::000510
000661.SZ,000661,SZ,true,false,true,B,2026-09-30,CSI_OFFICIAL_CONSTITUENT_XLS_2026-09-30::000510+931152
000725.SZ,000725,SZ,false,false,true,B,2026-09-30,CSI_OFFICIAL_CONSTITUENT_XLS_2026-09-30::000510
000738.SZ,000738,SZ,false,true,true,B,2026-09-30,CSI_OFFICIAL_CONSTITUENT_XLS_2026-09-30::000510+399973
000768.SZ,000768,SZ,false,true,true,B,2026-09-30,CSI_OFFICIAL_CONSTITUENT_XLS_2026-09-30::000510+399973
000792.SZ,000792,SZ,false,false,true,B,2026-09-30,CSI_OFFICIAL_CONSTITUENT_XLS_2026-09-30::000510
000830.SZ,000830,SZ,false,false,true,B,2026-09-30,CSI_OFFICIAL_CONSTITUENT_XLS_2026-09-30::000510
000833.SZ,000833,SZ,false,false,true,B,2026-09-30,CSI_OFFICIAL_CONSTITUENT_XLS_2026-09-30::000510
000878.SZ,000878,SZ,false,false,true,B,2026-09-30,CSI_OFFICIAL_CONSTITUENT_XLS_2026-09-30::000510
000932.SZ,000932,SZ,false,false,true,B,2026-09-30,CSI_OFFICIAL_CONSTITUENT_XLS_2026-09-30::000510
000938.SZ,000938,SZ,false,false,true,B,2026-09-30,CSI_OFFICIAL_CONSTITUENT_XLS_2026-09-30::000510
000963.SZ,000963,SZ,true,false,true,B,2026-09-30,CSI_OFFICIAL_CONSTITUENT_XLS_2026-09-30::000510+931152
000975.SZ,000975,SZ,false,false,true,B,2026-09-30,CSI_OFFICIAL_CONSTITUENT_XLS_2026-09-30::000510
000988.SZ,000988,SZ,false,false,true,B,2026-09-30,CSI_OFFICIAL_CONSTITUENT_XLS_2026-09-30::000510
000999.SZ,000999,SZ,false,false,true,B,2026-09-30,CSI_OFFICIAL_CONSTITUENT_XLS_2026-09-30::000510
001979.SZ,001979,SZ,false,false,true,B,2026-09-30,CSI_OFFICIAL_CONSTITUENT_XLS_2026-09-30::000510
002007.SZ,002007,SZ,true,false,true,B,2026-09-30,CSI_OFFICIAL_CONSTITUENT_XLS_2026-09-30::000510+931152
002019.SZ,002019,SZ,true,false,false,B,2026-09-30,CSI_OFFICIAL_CONSTITUENT_XLS_2026-09-30::931152
002025.SZ,002025,SZ,false,true,true,B,2026-09-30,CSI_OFFICIAL_CONSTITUENT_XLS_2026-09-30::000510+399973
002028.SZ,002028,SZ,false,false,true,B,2026-09-30,CSI_OFFICIAL_CONSTITUENT_XLS_2026-09-30::000510
002049.SZ,002049,SZ,false,false,true,B,2026-09-30,CSI_OFFICIAL_CONSTITUENT_XLS_2026-09-30::000510
002064.SZ,002064,SZ,false,false,true,B,2026-09-30,CSI_OFFICIAL_CONSTITUENT_XLS_2026-09-30::000510
002074.SZ,002074,SZ,false,false,true,B,2026-09-30,CSI_OFFICIAL_CONSTITUENT_XLS_2026-09-30::000510
002080.SZ,002080,SZ,false,false,true,B,2026-09-30,CSI_OFFICIAL_CONSTITUENT_XLS_2026-09-30::000510
002091.SZ,002091,SZ,false,false,true,B,2026-09-30,CSI_OFFICIAL_CONSTITUENT_XLS_2026-09-30::000510
002126.SZ,002126,SZ,false,false,true,B,2026-09-30,CSI_OFFICIAL_CONSTITUENT_XLS_2026-09-30::000510
002129.SZ,002129,SZ,false,false,true,B,2026-09-30,CSI_OFFICIAL_CONSTITUENT_XLS_2026-09-30::000510
002131.SZ,002131,SZ,false,false,true,B,2026-09-30,CSI_OFFICIAL_CONSTITUENT_XLS_2026-09-30::000510
002149.SZ,002149,SZ,false,true,false,B,2026-09-30,CSI_OFFICIAL_CONSTITUENT_XLS_2026-09-30::399973
002156.SZ,002156,SZ,false,false,true,B,2026-09-30,CSI_OFFICIAL_CONSTITUENT_XLS_2026-09-30::000510
002176.SZ,002176,SZ,false,false,true,B,2026-09-30,CSI_OFFICIAL_CONSTITUENT_XLS_2026-09-30::000510
002185.SZ,002185,SZ,false,false,true,B,2026-09-30,CSI_OFFICIAL_CONSTITUENT_XLS_2026-09-30::000510
002202.SZ,002202,SZ,false,false,true,B,2026-09-30,CSI_OFFICIAL_CONSTITUENT_XLS_2026-09-30::000510
002230.SZ,002230,SZ,false,false,true,B,2026-09-30,CSI_OFFICIAL_CONSTITUENT_XLS_2026-09-30::000510
002241.SZ,002241,SZ,false,false,true,B,2026-09-30,CSI_OFFICIAL_CONSTITUENT_XLS_2026-09-30::000510
002246.SZ,002246,SZ,false,true,false,B,2026-09-30,CSI_OFFICIAL_CONSTITUENT_XLS_2026-09-30::399973
002262.SZ,002262,SZ,true,false,false,B,2026-09-30,CSI_OFFICIAL_CONSTITUENT_XLS_2026-09-30::931152
002271.SZ,002271,SZ,false,false,true,B,2026-09-30,CSI_OFFICIAL_CONSTITUENT_XLS_2026-09-30::000510
002281.SZ,002281,SZ,false,false,true,B,2026-09-30,CSI_OFFICIAL_CONSTITUENT_XLS_2026-09-30::000510
002294.SZ,002294,SZ,true,false,true,B,2026-09-30,CSI_OFFICIAL_CONSTITUENT_XLS_2026-09-30::000510+931152
002318.SZ,002318,SZ,false,false,true,B,2026-09-30,CSI_OFFICIAL_CONSTITUENT_XLS_2026-09-30::000510
002352.SZ,002352,SZ,false,false,true,B,2026-09-30,CSI_OFFICIAL_CONSTITUENT_XLS_2026-09-30::000510
002371.SZ,002371,SZ,false,false,true,B,2026-09-30,CSI_OFFICIAL_CONSTITUENT_XLS_2026-09-30::000510
002389.SZ,002389,SZ,false,true,true,B,2026-09-30,CSI_OFFICIAL_CONSTITUENT_XLS_2026-09-30::000510+399973
002407.SZ,002407,SZ,false,false,true,B,2026-09-30,CSI_OFFICIAL_CONSTITUENT_XLS_2026-09-30::000510
002414.SZ,002414,SZ,false,true,true,B,2026-09-30,CSI_OFFICIAL_CONSTITUENT_XLS_2026-09-30::000510+399973
002422.SZ,002422,SZ,true,false,true,B,2026-09-30,CSI_OFFICIAL_CONSTITUENT_XLS_2026-09-30::000510+931152
002436.SZ,002436,SZ,false,false,true,B,2026-09-30,CSI_OFFICIAL_CONSTITUENT_XLS_2026-09-30::000510
002456.SZ,002456,SZ,false,false,true,B,2026-09-30,CSI_OFFICIAL_CONSTITUENT_XLS_2026-09-30::000510
002460.SZ,002460,SZ,false,false,true,B,2026-09-30,CSI_OFFICIAL_CONSTITUENT_XLS_2026-09-30::000510
002465.SZ,002465,SZ,false,true,true,B,2026-09-30,CSI_OFFICIAL_CONSTITUENT_XLS_2026-09-30::000510+399973
002472.SZ,002472,SZ,false,false,true,B,2026-09-30,CSI_OFFICIAL_CONSTITUENT_XLS_2026-09-30::000510
002493.SZ,002493,SZ,false,false,true,B,2026-09-30,CSI_OFFICIAL_CONSTITUENT_XLS_2026-09-30::000510
002517.SZ,002517,SZ,false,false,true,B,2026-09-30,CSI_OFFICIAL_CONSTITUENT_XLS_2026-09-30::000510
002544.SZ,002544,SZ,false,false,true,B,2026-09-30,CSI_OFFICIAL_CONSTITUENT_XLS_2026-09-30::000510
002558.SZ,002558,SZ,false,false,true,B,2026-09-30,CSI_OFFICIAL_CONSTITUENT_XLS_2026-09-30::000510
002594.SZ,002594,SZ,false,false,true,B,2026-09-30,CSI_OFFICIAL_CONSTITUENT_XLS_2026-09-30::000510
002600.SZ,002600,SZ,false,false,true,B,2026-09-30,CSI_OFFICIAL_CONSTITUENT_XLS_2026-09-30::000510
002602.SZ,002602,SZ,false,false,true,B,2026-09-30,CSI_OFFICIAL_CONSTITUENT_XLS_2026-09-30::000510
002607.SZ,002607,SZ,false,false,true,B,2026-09-30,CSI_OFFICIAL_CONSTITUENT_XLS_2026-09-30::000510
002648.SZ,002648,SZ,false,false,true,B,2026-09-30,CSI_OFFICIAL_CONSTITUENT_XLS_2026-09-30::000510
002709.SZ,002709,SZ,false,false,true,B,2026-09-30,CSI_OFFICIAL_CONSTITUENT_XLS_2026-09-30::000510
002738.SZ,002738,SZ,false,false,true,B,2026-09-30,CSI_OFFICIAL_CONSTITUENT_XLS_2026-09-30::000510
002756.SZ,002756,SZ,false,false,true,B,2026-09-30,CSI_OFFICIAL_CONSTITUENT_XLS_2026-09-30::000510
002812.SZ,002812,SZ,false,false,true,B,2026-09-30,CSI_OFFICIAL_CONSTITUENT_XLS_2026-09-30::000510
002831.SZ,002831,SZ,false,false,true,B,2026-09-30,CSI_OFFICIAL_CONSTITUENT_XLS_2026-09-30::000510
002851.SZ,002851,SZ,false,false,true,B,2026-09-30,CSI_OFFICIAL_CONSTITUENT_XLS_2026-09-30::000510
002916.SZ,002916,SZ,false,false,true,B,2026-09-30,CSI_OFFICIAL_CONSTITUENT_XLS_2026-09-30::000510
002938.SZ,002938,SZ,false,false,true,B,2026-09-30,CSI_OFFICIAL_CONSTITUENT_XLS_2026-09-30::000510
003816.SZ,003816,SZ,false,false,true,B,2026-09-30,CSI_OFFICIAL_CONSTITUENT_XLS_2026-09-30::000510
300034.SZ,300034,SZ,false,true,false,B,2026-09-30,CSI_OFFICIAL_CONSTITUENT_XLS_2026-09-30::399973
300054.SZ,300054,SZ,false,false,true,B,2026-09-30,CSI_OFFICIAL_CONSTITUENT_XLS_2026-09-30::000510
300100.SZ,300100,SZ,false,false,true,B,2026-09-30,CSI_OFFICIAL_CONSTITUENT_XLS_2026-09-30::000510
300342.SZ,300342,SZ,false,false,true,B,2026-09-30,CSI_OFFICIAL_CONSTITUENT_XLS_2026-09-30::000510
300409.SZ,300409,SZ,false,false,true,B,2026-09-30,CSI_OFFICIAL_CONSTITUENT_XLS_2026-09-30::000510
300457.SZ,300457,SZ,false,false,true,B,2026-09-30,CSI_OFFICIAL_CONSTITUENT_XLS_2026-09-30::000510
300726.SZ,300726,SZ,false,true,false,B,2026-09-30,CSI_OFFICIAL_CONSTITUENT_XLS_2026-09-30::399973
300777.SZ,300777,SZ,false,true,false,B,2026-09-30,CSI_OFFICIAL_CONSTITUENT_XLS_2026-09-30::399973
300855.SZ,300855,SZ,false,true,false,B,2026-09-30,CSI_OFFICIAL_CONSTITUENT_XLS_2026-09-30::399973
300919.SZ,300919,SZ,false,false,true,B,2026-09-30,CSI_OFFICIAL_CONSTITUENT_XLS_2026-09-30::000510
301078.SZ,301078,SZ,false,false,true,B,2026-09-30,CSI_OFFICIAL_CONSTITUENT_XLS_2026-09-30::000510
301550.SZ,301550,SZ,false,false,true,B,2026-09-30,CSI_OFFICIAL_CONSTITUENT_XLS_2026-09-30::000510
600004.SH,600004,SH,false,false,true,B,2026-09-30,CSI_OFFICIAL_CONSTITUENT_XLS_2026-09-30::000510
600009.SH,600009,SH,false,false,true,B,2026-09-30,CSI_OFFICIAL_CONSTITUENT_XLS_2026-09-30::000510
600011.SH,600011,SH,false,false,true,B,2026-09-30,CSI_OFFICIAL_CONSTITUENT_XLS_2026-09-30::000510
600019.SH,600019,SH,false,false,true,B,2026-09-30,CSI_OFFICIAL_CONSTITUENT_XLS_2026-09-30::000510
600028.SH,600028,SH,false,false,true,B,2026-09-30,CSI_OFFICIAL_CONSTITUENT_XLS_2026-09-30::000510
600030.SH,600030,SH,false,false,true,B,2026-09-30,CSI_OFFICIAL_CONSTITUENT_XLS_2026-09-30::000510
600036.SH,600036,SH,false,false,true,B,2026-09-30,CSI_OFFICIAL_CONSTITUENT_XLS_2026-09-30::000510
600039.SH,600039,SH,false,false,true,B,2026-09-30,CSI_OFFICIAL_CONSTITUENT_XLS_2026-09-30::000510
600050.SH,600050,SH,false,false,true,B,2026-09-30,CSI_OFFICIAL_CONSTITUENT_XLS_2026-09-30::000510
600066.SH,600066,SH,false,false,true,B,2026-09-30,CSI_OFFICIAL_CONSTITUENT_XLS_2026-09-30::000510
600089.SH,600089,SH,false,false,true,B,2026-09-30,CSI_OFFICIAL_CONSTITUENT_XLS_2026-09-30::000510
600104.SH,600104,SH,false,false,true,B,2026-09-30,CSI_OFFICIAL_CONSTITUENT_XLS_2026-09-30::000510
600115.SH,600115,SH,false,false,true,B,2026-09-30,CSI_OFFICIAL_CONSTITUENT_XLS_2026-09-30::000510
600141.SH,600141,SH,false,false,true,B,2026-09-30,CSI_OFFICIAL_CONSTITUENT_XLS_2026-09-30::000510
600150.SH,600150,SH,false,false,true,B,2026-09-30,CSI_OFFICIAL_CONSTITUENT_XLS_2026-09-30::000510
600157.SH,600157,SH,false,false,true,B,2026-09-30,CSI_OFFICIAL_CONSTITUENT_XLS_2026-09-30::000510
600161.SH,600161,SH,false,false,true,B,2026-09-30,CSI_OFFICIAL_CONSTITUENT_XLS_2026-09-30::000510
600170.SH,600170,SH,false,false,true,B,2026-09-30,CSI_OFFICIAL_CONSTITUENT_XLS_2026-09-30::000510
600177.SH,600177,SH,false,false,true,B,2026-09-30,CSI_OFFICIAL_CONSTITUENT_XLS_2026-09-30::000510
600184.SH,600184,SH,false,true,false,B,2026-09-30,CSI_OFFICIAL_CONSTITUENT_XLS_2026-09-30::399973
600208.SH,600208,SH,false,false,true,B,2026-09-30,CSI_OFFICIAL_CONSTITUENT_XLS_2026-09-30::000510
600219.SH,600219,SH,false,false,true,B,2026-09-30,CSI_OFFICIAL_CONSTITUENT_XLS_2026-09-30::000510
600226.SH,600226,SH,false,false,true,B,2026-09-30,CSI_OFFICIAL_CONSTITUENT_XLS_2026-09-30::000510
600258.SH,600258,SH,false,false,true,B,2026-09-30,CSI_OFFICIAL_CONSTITUENT_XLS_2026-09-30::000510
600309.SH,600309,SH,false,false,true,B,2026-09-30,CSI_OFFICIAL_CONSTITUENT_XLS_2026-09-30::000510
600316.SH,600316,SH,false,true,true,B,2026-09-30,CSI_OFFICIAL_CONSTITUENT_XLS_2026-09-30::000510+399973
600325.SH,600325,SH,false,false,true,B,2026-09-30,CSI_OFFICIAL_CONSTITUENT_XLS_2026-09-30::000510
600346.SH,600346,SH,false,false,true,B,2026-09-30,CSI_OFFICIAL_CONSTITUENT_XLS_2026-09-30::000510
600362.SH,600362,SH,false,false,true,B,2026-09-30,CSI_OFFICIAL_CONSTITUENT_XLS_2026-09-30::000510
600380.SH,600380,SH,true,false,false,B,2026-09-30,CSI_OFFICIAL_CONSTITUENT_XLS_2026-09-30::931152
600392.SH,600392,SH,false,false,true,B,2026-09-30,CSI_OFFICIAL_CONSTITUENT_XLS_2026-09-30::000510
600406.SH,600406,SH,false,false,true,B,2026-09-30,CSI_OFFICIAL_CONSTITUENT_XLS_2026-09-30::000510
600416.SH,600416,SH,false,true,false,B,2026-09-30,CSI_OFFICIAL_CONSTITUENT_XLS_2026-09-30::399973
600426.SH,600426,SH,false,false,true,B,2026-09-30,CSI_OFFICIAL_CONSTITUENT_XLS_2026-09-30::000510
600436.SH,600436,SH,false,false,true,B,2026-09-30,CSI_OFFICIAL_CONSTITUENT_XLS_2026-09-30::000510
600456.SH,600456,SH,false,true,false,B,2026-09-30,CSI_OFFICIAL_CONSTITUENT_XLS_2026-09-30::399973
600482.SH,600482,SH,false,false,true,B,2026-09-30,CSI_OFFICIAL_CONSTITUENT_XLS_2026-09-30::000510
600487.SH,600487,SH,false,false,true,B,2026-09-30,CSI_OFFICIAL_CONSTITUENT_XLS_2026-09-30::000510
600497.SH,600497,SH,false,false,true,B,2026-09-30,CSI_OFFICIAL_CONSTITUENT_XLS_2026-09-30::000510
600511.SH,600511,SH,false,false,true,B,2026-09-30,CSI_OFFICIAL_CONSTITUENT_XLS_2026-09-30::000510
600516.SH,600516,SH,false,false,true,B,2026-09-30,CSI_OFFICIAL_CONSTITUENT_XLS_2026-09-30::000510
600521.SH,600521,SH,true,false,true,B,2026-09-30,CSI_OFFICIAL_CONSTITUENT_XLS_2026-09-30::000510+931152
600529.SH,600529,SH,false,false,true,B,2026-09-30,CSI_OFFICIAL_CONSTITUENT_XLS_2026-09-30::000510
600547.SH,600547,SH,false,false,true,B,2026-09-30,CSI_OFFICIAL_CONSTITUENT_XLS_2026-09-30::000510
600562.SH,600562,SH,false,true,false,B,2026-09-30,CSI_OFFICIAL_CONSTITUENT_XLS_2026-09-30::399973
600570.SH,600570,SH,false,false,true,B,2026-09-30,CSI_OFFICIAL_CONSTITUENT_XLS_2026-09-30::000510
600584.SH,600584,SH,false,false,true,B,2026-09-30,CSI_OFFICIAL_CONSTITUENT_XLS_2026-09-30::000510
600588.SH,600588,SH,false,false,true,B,2026-09-30,CSI_OFFICIAL_CONSTITUENT_XLS_2026-09-30::000510
600655.SH,600655,SH,false,false,true,B,2026-09-30,CSI_OFFICIAL_CONSTITUENT_XLS_2026-09-30::000510
600663.SH,600663,SH,false,false,true,B,2026-09-30,CSI_OFFICIAL_CONSTITUENT_XLS_2026-09-30::000510
600673.SH,600673,SH,false,false,true,B,2026-09-30,CSI_OFFICIAL_CONSTITUENT_XLS_2026-09-30::000510
600690.SH,600690,SH,false,false,true,B,2026-09-30,CSI_OFFICIAL_CONSTITUENT_XLS_2026-09-30::000510
600704.SH,600704,SH,false,false,true,B,2026-09-30,CSI_OFFICIAL_CONSTITUENT_XLS_2026-09-30::000510
600741.SH,600741,SH,false,false,true,B,2026-09-30,CSI_OFFICIAL_CONSTITUENT_XLS_2026-09-30::000510
600760.SH,600760,SH,false,true,true,B,2026-09-30,CSI_OFFICIAL_CONSTITUENT_XLS_2026-09-30::000510+399973
600765.SH,600765,SH,false,true,true,B,2026-09-30,CSI_OFFICIAL_CONSTITUENT_XLS_2026-09-30::000510+399973
600803.SH,600803,SH,false,false,true,B,2026-09-30,CSI_OFFICIAL_CONSTITUENT_XLS_2026-09-30::000510
600820.SH,600820,SH,false,false,true,B,2026-09-30,CSI_OFFICIAL_CONSTITUENT_XLS_2026-09-30::000510
600859.SH,600859,SH,false,false,true,B,2026-09-30,CSI_OFFICIAL_CONSTITUENT_XLS_2026-09-30::000510
600864.SH,600864,SH,false,false,true,B,2026-09-30,CSI_OFFICIAL_CONSTITUENT_XLS_2026-09-30::000510
600875.SH,600875,SH,false,false,true,B,2026-09-30,CSI_OFFICIAL_CONSTITUENT_XLS_2026-09-30::000510
600885.SH,600885,SH,false,false,true,B,2026-09-30,CSI_OFFICIAL_CONSTITUENT_XLS_2026-09-30::000510
600887.SH,600887,SH,false,false,true,B,2026-09-30,CSI_OFFICIAL_CONSTITUENT_XLS_2026-09-30::000510
600895.SH,600895,SH,false,false,true,B,2026-09-30,CSI_OFFICIAL_CONSTITUENT_XLS_2026-09-30::000510
600905.SH,600905,SH,false,false,true,B,2026-09-30,CSI_OFFICIAL_CONSTITUENT_XLS_2026-09-30::000510
600941.SH,600941,SH,false,false,true,B,2026-09-30,CSI_OFFICIAL_CONSTITUENT_XLS_2026-09-30::000510
600988.SH,600988,SH,false,false,true,B,2026-09-30,CSI_OFFICIAL_CONSTITUENT_XLS_2026-09-30::000510
600998.SH,600998,SH,false,false,true,B,2026-09-30,CSI_OFFICIAL_CONSTITUENT_XLS_2026-09-30::000510
601006.SH,601006,SH,false,false,true,B,2026-09-30,CSI_OFFICIAL_CONSTITUENT_XLS_2026-09-30::000510
601018.SH,601018,SH,false,false,true,B,2026-09-30,CSI_OFFICIAL_CONSTITUENT_XLS_2026-09-30::000510
601058.SH,601058,SH,false,false,true,B,2026-09-30,CSI_OFFICIAL_CONSTITUENT_XLS_2026-09-30::000510
601100.SH,601100,SH,false,false,true,B,2026-09-30,CSI_OFFICIAL_CONSTITUENT_XLS_2026-09-30::000510
601117.SH,601117,SH,false,false,true,B,2026-09-30,CSI_OFFICIAL_CONSTITUENT_XLS_2026-09-30::000510
601155.SH,601155,SH,false,false,true,B,2026-09-30,CSI_OFFICIAL_CONSTITUENT_XLS_2026-09-30::000510
601168.SH,601168,SH,false,false,true,B,2026-09-30,CSI_OFFICIAL_CONSTITUENT_XLS_2026-09-30::000510
601186.SH,601186,SH,false,false,true,B,2026-09-30,CSI_OFFICIAL_CONSTITUENT_XLS_2026-09-30::000510
601216.SH,601216,SH,false,false,true,B,2026-09-30,CSI_OFFICIAL_CONSTITUENT_XLS_2026-09-30::000510
601233.SH,601233,SH,false,false,true,B,2026-09-30,CSI_OFFICIAL_CONSTITUENT_XLS_2026-09-30::000510
601288.SH,601288,SH,false,false,true,B,2026-09-30,CSI_OFFICIAL_CONSTITUENT_XLS_2026-09-30::000510
601319.SH,601319,SH,false,false,true,B,2026-09-30,CSI_OFFICIAL_CONSTITUENT_XLS_2026-09-30::000510
601360.SH,601360,SH,false,false,true,B,2026-09-30,CSI_OFFICIAL_CONSTITUENT_XLS_2026-09-30::000510
601398.SH,601398,SH,false,false,true,B,2026-09-30,CSI_OFFICIAL_CONSTITUENT_XLS_2026-09-30::000510
601600.SH,601600,SH,false,false,true,B,2026-09-30,CSI_OFFICIAL_CONSTITUENT_XLS_2026-09-30::000510
601607.SH,601607,SH,false,false,true,B,2026-09-30,CSI_OFFICIAL_CONSTITUENT_XLS_2026-09-30::000510
601618.SH,601618,SH,false,false,true,B,2026-09-30,CSI_OFFICIAL_CONSTITUENT_XLS_2026-09-30::000510
601633.SH,601633,SH,false,false,true,B,2026-09-30,CSI_OFFICIAL_CONSTITUENT_XLS_2026-09-30::000510
601668.SH,601668,SH,false,false,true,B,2026-09-30,CSI_OFFICIAL_CONSTITUENT_XLS_2026-09-30::000510
601677.SH,601677,SH,false,false,true,B,2026-09-30,CSI_OFFICIAL_CONSTITUENT_XLS_2026-09-30::000510
601727.SH,601727,SH,false,false,true,B,2026-09-30,CSI_OFFICIAL_CONSTITUENT_XLS_2026-09-30::000510
601766.SH,601766,SH,false,false,true,B,2026-09-30,CSI_OFFICIAL_CONSTITUENT_XLS_2026-09-30::000510
601800.SH,601800,SH,false,false,true,B,2026-09-30,CSI_OFFICIAL_CONSTITUENT_XLS_2026-09-30::000510
601857.SH,601857,SH,false,false,true,B,2026-09-30,CSI_OFFICIAL_CONSTITUENT_XLS_2026-09-30::000510
601868.SH,601868,SH,false,false,true,B,2026-09-30,CSI_OFFICIAL_CONSTITUENT_XLS_2026-09-30::000510
601877.SH,601877,SH,false,false,true,B,2026-09-30,CSI_OFFICIAL_CONSTITUENT_XLS_2026-09-30::000510
601888.SH,601888,SH,false,false,true,B,2026-09-30,CSI_OFFICIAL_CONSTITUENT_XLS_2026-09-30::000510
601919.SH,601919,SH,false,false,true,B,2026-09-30,CSI_OFFICIAL_CONSTITUENT_XLS_2026-09-30::000510
601988.SH,601988,SH,false,false,true,B,2026-09-30,CSI_OFFICIAL_CONSTITUENT_XLS_2026-09-30::000510
603087.SH,603087,SH,true,false,true,B,2026-09-30,CSI_OFFICIAL_CONSTITUENT_XLS_2026-09-30::000510+931152
603129.SH,603129,SH,false,false,true,B,2026-09-30,CSI_OFFICIAL_CONSTITUENT_XLS_2026-09-30::000510
603260.SH,603260,SH,false,false,true,B,2026-09-30,CSI_OFFICIAL_CONSTITUENT_XLS_2026-09-30::000510
603288.SH,603288,SH,false,false,true,B,2026-09-30,CSI_OFFICIAL_CONSTITUENT_XLS_2026-09-30::000510
603392.SH,603392,SH,false,false,true,B,2026-09-30,CSI_OFFICIAL_CONSTITUENT_XLS_2026-09-30::000510
603486.SH,603486,SH,false,false,true,B,2026-09-30,CSI_OFFICIAL_CONSTITUENT_XLS_2026-09-30::000510
603568.SH,603568,SH,false,false,true,B,2026-09-30,CSI_OFFICIAL_CONSTITUENT_XLS_2026-09-30::000510
603605.SH,603605,SH,false,false,true,B,2026-09-30,CSI_OFFICIAL_CONSTITUENT_XLS_2026-09-30::000510
603650.SH,603650,SH,false,false,true,B,2026-09-30,CSI_OFFICIAL_CONSTITUENT_XLS_2026-09-30::000510
603678.SH,603678,SH,false,true,false,B,2026-09-30,CSI_OFFICIAL_CONSTITUENT_XLS_2026-09-30::399973
603799.SH,603799,SH,false,false,true,B,2026-09-30,CSI_OFFICIAL_CONSTITUENT_XLS_2026-09-30::000510
603816.SH,603816,SH,false,false,true,B,2026-09-30,CSI_OFFICIAL_CONSTITUENT_XLS_2026-09-30::000510
603858.SH,603858,SH,true,false,false,B,2026-09-30,CSI_OFFICIAL_CONSTITUENT_XLS_2026-09-30::931152
603899.SH,603899,SH,false,false,true,B,2026-09-30,CSI_OFFICIAL_CONSTITUENT_XLS_2026-09-30::000510
603979.SH,603979,SH,false,false,true,B,2026-09-30,CSI_OFFICIAL_CONSTITUENT_XLS_2026-09-30::000510
603993.SH,603993,SH,false,false,true,B,2026-09-30,CSI_OFFICIAL_CONSTITUENT_XLS_2026-09-30::000510
605117.SH,605117,SH,false,false,true,B,2026-09-30,CSI_OFFICIAL_CONSTITUENT_XLS_2026-09-30::000510
605589.SH,605589,SH,false,false,true,B,2026-09-30,CSI_OFFICIAL_CONSTITUENT_XLS_2026-09-30::000510
688065.SH,688065,SH,false,false,true,B,2026-09-30,CSI_OFFICIAL_CONSTITUENT_XLS_2026-09-30::000510
688192.SH,688192,SH,true,false,false,B,2026-09-30,CSI_OFFICIAL_CONSTITUENT_XLS_2026-09-30::931152
688281.SH,688281,SH,false,true,false,B,2026-09-30,CSI_OFFICIAL_CONSTITUENT_XLS_2026-09-30::399973
688336.SH,688336,SH,true,false,false,B,2026-09-30,CSI_OFFICIAL_CONSTITUENT_XLS_2026-09-30::931152
688439.SH,688439,SH,false,true,false,B,2026-09-30,CSI_OFFICIAL_CONSTITUENT_XLS_2026-09-30::399973
688523.SH,688523,SH,false,true,false,B,2026-09-30,CSI_OFFICIAL_CONSTITUENT_XLS_2026-09-30::399973
688552.SH,688552,SH,false,true,false,B,2026-09-30,CSI_OFFICIAL_CONSTITUENT_XLS_2026-09-30::399973
