symbol,market,source_role
000001,SZ,CROSS_SECTOR_A500_CURRENT_SCOPE
000002,SZ,CROSS_SECTOR_A500_CURRENT_SCOPE
000032,SZ,CROSS_SECTOR_A500_CURRENT_SCOPE
000034,SZ,CROSS_SECTOR_A500_CURRENT_SCOPE
000035,SZ,CROSS_SECTOR_A500_CURRENT_SCOPE
000039,SZ,CROSS_SECTOR_A500_CURRENT_SCOPE
000063,SZ,CROSS_SECTOR_A500_CURRENT_SCOPE
000066,SZ,CROSS_SECTOR_A500_CURRENT_SCOPE
000069,SZ,CROSS_SECTOR_A500_CURRENT_SCOPE
000100,SZ,CROSS_SECTOR_A500_CURRENT_SCOPE
000157,SZ,CROSS_SECTOR_A500_CURRENT_SCOPE
000301,SZ,CROSS_SECTOR_A500_CURRENT_SCOPE
000333,SZ,CROSS_SECTOR_A500_CURRENT_SCOPE
000338,SZ,CROSS_SECTOR_A500_CURRENT_SCOPE
000400,SZ,CROSS_SECTOR_A500_CURRENT_SCOPE
000408,SZ,CROSS_SECTOR_A500_CURRENT_SCOPE
000415,SZ,CROSS_SECTOR_A500_CURRENT_SCOPE
000423,SZ,CROSS_SECTOR_A500_CURRENT_SCOPE
000425,SZ,CROSS_SECTOR_A500_CURRENT_SCOPE
000426,SZ,CROSS_SECTOR_A500_CURRENT_SCOPE
000513,SZ,CROSS_SECTOR_PRIORITY_CURRENT_SCOPE
000519,SZ,CROSS_SECTOR_PRIORITY_CURRENT_SCOPE
000538,SZ,CROSS_SECTOR_A500_CURRENT_SCOPE
000547,SZ,CROSS_SECTOR_A500_CURRENT_SCOPE
000568,SZ,CROSS_SECTOR_A500_CURRENT_SCOPE
000617,SZ,CROSS_SECTOR_A500_CURRENT_SCOPE
000623,SZ,CROSS_SECTOR_A500_CURRENT_SCOPE
000625,SZ,CROSS_SECTOR_A500_CURRENT_SCOPE
000630,SZ,CROSS_SECTOR_A500_CURRENT_SCOPE
000651,SZ,CROSS_SECTOR_A500_CURRENT_SCOPE
000657,SZ,CROSS_SECTOR_A500_CURRENT_SCOPE
000661,SZ,CROSS_SECTOR_PRIORITY_CURRENT_SCOPE
000683,SZ,CROSS_SECTOR_A500_CURRENT_SCOPE
000725,SZ,CROSS_SECTOR_A500_CURRENT_SCOPE
000733,SZ,CROSS_SECTOR_PRIORITY_CURRENT_SCOPE
000738,SZ,CROSS_SECTOR_PRIORITY_CURRENT_SCOPE
000766,SZ,CROSS_SECTOR_PRIORITY_CURRENT_SCOPE
000768,SZ,CROSS_SECTOR_PRIORITY_CURRENT_SCOPE
000786,SZ,CROSS_SECTOR_A500_CURRENT_SCOPE
000792,SZ,CROSS_SECTOR_A500_CURRENT_SCOPE
000807,SZ,CROSS_SECTOR_A500_CURRENT_SCOPE
000830,SZ,CROSS_SECTOR_A500_CURRENT_SCOPE
000831,SZ,CROSS_SECTOR_A500_CURRENT_SCOPE
000833,SZ,CROSS_SECTOR_A500_CURRENT_SCOPE
000858,SZ,CROSS_SECTOR_A500_CURRENT_SCOPE
000878,SZ,CROSS_SECTOR_A500_CURRENT_SCOPE
000887,SZ,CROSS_SECTOR_A500_CURRENT_SCOPE
000932,SZ,CROSS_SECTOR_A500_CURRENT_SCOPE
000933,SZ,CROSS_SECTOR_A500_CURRENT_SCOPE
000938,SZ,CROSS_SECTOR_A500_CURRENT_SCOPE
000960,SZ,CROSS_SECTOR_A500_CURRENT_SCOPE
000963,SZ,CROSS_SECTOR_PRIORITY_CURRENT_SCOPE
000967,SZ,CROSS_SECTOR_A500_CURRENT_SCOPE
000975,SZ,CROSS_SECTOR_A500_CURRENT_SCOPE
000977,SZ,CROSS_SECTOR_A500_CURRENT_SCOPE
000988,SZ,CROSS_SECTOR_A500_CURRENT_SCOPE
000998,SZ,CROSS_SECTOR_A500_CURRENT_SCOPE
000999,SZ,CROSS_SECTOR_A500_CURRENT_SCOPE
001965,SZ,CROSS_SECTOR_A500_CURRENT_SCOPE
001979,SZ,CROSS_SECTOR_A500_CURRENT_SCOPE
002001,SZ,CROSS_SECTOR_A500_CURRENT_SCOPE
002007,SZ,CROSS_SECTOR_PRIORITY_CURRENT_SCOPE
002008,SZ,CROSS_SECTOR_A500_CURRENT_SCOPE
002019,SZ,CROSS_SECTOR_PRIORITY_CURRENT_SCOPE
002020,SZ,CROSS_SECTOR_PRIORITY_CURRENT_SCOPE
002025,SZ,CROSS_SECTOR_PRIORITY_CURRENT_SCOPE
002027,SZ,CROSS_SECTOR_A500_CURRENT_SCOPE
002028,SZ,CROSS_SECTOR_A500_CURRENT_SCOPE
002044,SZ,CROSS_SECTOR_A500_CURRENT_SCOPE
002049,SZ,CROSS_SECTOR_A500_CURRENT_SCOPE
002050,SZ,CROSS_SECTOR_A500_CURRENT_SCOPE
002064,SZ,CROSS_SECTOR_A500_CURRENT_SCOPE
002065,SZ,CROSS_SECTOR_A500_CURRENT_SCOPE
002074,SZ,CROSS_SECTOR_A500_CURRENT_SCOPE
002078,SZ,CROSS_SECTOR_A500_CURRENT_SCOPE
002080,SZ,CROSS_SECTOR_A500_CURRENT_SCOPE
002085,SZ,CROSS_SECTOR_A500_CURRENT_SCOPE
002091,SZ,CROSS_SECTOR_A500_CURRENT_SCOPE
002120,SZ,CROSS_SECTOR_A500_CURRENT_SCOPE
002126,SZ,CROSS_SECTOR_A500_CURRENT_SCOPE
002128,SZ,CROSS_SECTOR_A500_CURRENT_SCOPE
002129,SZ,CROSS_SECTOR_A500_CURRENT_SCOPE
002130,SZ,CROSS_SECTOR_A500_CURRENT_SCOPE
002131,SZ,CROSS_SECTOR_A500_CURRENT_SCOPE
002138,SZ,CROSS_SECTOR_A500_CURRENT_SCOPE
002149,SZ,CROSS_SECTOR_PRIORITY_CURRENT_SCOPE
002155,SZ,CROSS_SECTOR_A500_CURRENT_SCOPE
002156,SZ,CROSS_SECTOR_A500_CURRENT_SCOPE
002171,SZ,CROSS_SECTOR_PRIORITY_CURRENT_SCOPE
002176,SZ,CROSS_SECTOR_A500_CURRENT_SCOPE
002179,SZ,CROSS_SECTOR_PRIORITY_CURRENT_SCOPE
002185,SZ,CROSS_SECTOR_A500_CURRENT_SCOPE
002195,SZ,CROSS_SECTOR_A500_CURRENT_SCOPE
002202,SZ,CROSS_SECTOR_A500_CURRENT_SCOPE
002223,SZ,CROSS_SECTOR_A500_CURRENT_SCOPE
002230,SZ,CROSS_SECTOR_A500_CURRENT_SCOPE
002236,SZ,CROSS_SECTOR_A500_CURRENT_SCOPE
002241,SZ,CROSS_SECTOR_A500_CURRENT_SCOPE
002244,SZ,CROSS_SECTOR_A500_CURRENT_SCOPE
002246,SZ,CROSS_SECTOR_PRIORITY_CURRENT_SCOPE
002252,SZ,CROSS_SECTOR_A500_CURRENT_SCOPE
002262,SZ,CROSS_SECTOR_PRIORITY_CURRENT_SCOPE
002266,SZ,CROSS_SECTOR_A500_CURRENT_SCOPE
002271,SZ,CROSS_SECTOR_A500_CURRENT_SCOPE
002273,SZ,CROSS_SECTOR_A500_CURRENT_SCOPE
002281,SZ,CROSS_SECTOR_A500_CURRENT_SCOPE
002292,SZ,CROSS_SECTOR_A500_CURRENT_SCOPE
002294,SZ,CROSS_SECTOR_PRIORITY_CURRENT_SCOPE
002317,SZ,CROSS_SECTOR_PRIORITY_CURRENT_SCOPE
002318,SZ,CROSS_SECTOR_A500_CURRENT_SCOPE
002340,SZ,CROSS_SECTOR_A500_CURRENT_SCOPE
002352,SZ,CROSS_SECTOR_A500_CURRENT_SCOPE
002353,SZ,CROSS_SECTOR_A500_CURRENT_SCOPE
002371,SZ,CROSS_SECTOR_A500_CURRENT_SCOPE
002384,SZ,CROSS_SECTOR_A500_CURRENT_SCOPE
002389,SZ,CROSS_SECTOR_PRIORITY_CURRENT_SCOPE
002405,SZ,CROSS_SECTOR_A500_CURRENT_SCOPE
002407,SZ,CROSS_SECTOR_A500_CURRENT_SCOPE
002410,SZ,CROSS_SECTOR_A500_CURRENT_SCOPE
002414,SZ,CROSS_SECTOR_PRIORITY_CURRENT_SCOPE
002415,SZ,CROSS_SECTOR_A500_CURRENT_SCOPE
002422,SZ,CROSS_SECTOR_PRIORITY_CURRENT_SCOPE
002432,SZ,CROSS_SECTOR_A500_CURRENT_SCOPE
002436,SZ,CROSS_SECTOR_A500_CURRENT_SCOPE
002444,SZ,CROSS_SECTOR_A500_CURRENT_SCOPE
002456,SZ,CROSS_SECTOR_A500_CURRENT_SCOPE
002459,SZ,CROSS_SECTOR_A500_CURRENT_SCOPE
002460,SZ,CROSS_SECTOR_A500_CURRENT_SCOPE
002463,SZ,CROSS_SECTOR_A500_CURRENT_SCOPE
002465,SZ,CROSS_SECTOR_PRIORITY_CURRENT_SCOPE
002466,SZ,CROSS_SECTOR_A500_CURRENT_SCOPE
002472,SZ,CROSS_SECTOR_A500_CURRENT_SCOPE
002475,SZ,CROSS_SECTOR_A500_CURRENT_SCOPE
002493,SZ,CROSS_SECTOR_A500_CURRENT_SCOPE
002497,SZ,CROSS_SECTOR_A500_CURRENT_SCOPE
002517,SZ,CROSS_SECTOR_A500_CURRENT_SCOPE
002532,SZ,CROSS_SECTOR_A500_CURRENT_SCOPE
002544,SZ,CROSS_SECTOR_A500_CURRENT_SCOPE
002555,SZ,CROSS_SECTOR_A500_CURRENT_SCOPE
002558,SZ,CROSS_SECTOR_A500_CURRENT_SCOPE
002572,SZ,CROSS_SECTOR_A500_CURRENT_SCOPE
002594,SZ,CROSS_SECTOR_A500_CURRENT_SCOPE
002595,SZ,CROSS_SECTOR_A500_CURRENT_SCOPE
002600,SZ,CROSS_SECTOR_A500_CURRENT_SCOPE
002601,SZ,CROSS_SECTOR_A500_CURRENT_SCOPE
002602,SZ,CROSS_SECTOR_A500_CURRENT_SCOPE
002603,SZ,CROSS_SECTOR_PRIORITY_CURRENT_SCOPE
002607,SZ,CROSS_SECTOR_A500_CURRENT_SCOPE
002625,SZ,CROSS_SECTOR_A500_CURRENT_SCOPE
002648,SZ,CROSS_SECTOR_A500_CURRENT_SCOPE
002653,SZ,CROSS_SECTOR_PRIORITY_CURRENT_SCOPE
002709,SZ,CROSS_SECTOR_A500_CURRENT_SCOPE
002714,SZ,CROSS_SECTOR_A500_CURRENT_SCOPE
002738,SZ,CROSS_SECTOR_A500_CURRENT_SCOPE
002755,SZ,CROSS_SECTOR_PRIORITY_CURRENT_SCOPE
002756,SZ,CROSS_SECTOR_A500_CURRENT_SCOPE
002773,SZ,CROSS_SECTOR_PRIORITY_CURRENT_SCOPE
002812,SZ,CROSS_SECTOR_A500_CURRENT_SCOPE
002821,SZ,CROSS_SECTOR_PRIORITY_CURRENT_SCOPE
002831,SZ,CROSS_SECTOR_A500_CURRENT_SCOPE
002837,SZ,CROSS_SECTOR_A500_CURRENT_SCOPE
002851,SZ,CROSS_SECTOR_A500_CURRENT_SCOPE
002891,SZ,CROSS_SECTOR_A500_CURRENT_SCOPE
002916,SZ,CROSS_SECTOR_A500_CURRENT_SCOPE
002920,SZ,CROSS_SECTOR_A500_CURRENT_SCOPE
002938,SZ,CROSS_SECTOR_A500_CURRENT_SCOPE
002985,SZ,CROSS_SECTOR_PRIORITY_CURRENT_SCOPE
003816,SZ,CROSS_SECTOR_A500_CURRENT_SCOPE
300001,SZ,TECHNOLOGY_EXISTING_NUMERIC_PIT_BASELINE
300002,SZ,TECHNOLOGY_EXISTING_NUMERIC_PIT_BASELINE
300003,SZ,TECHNOLOGY_EXISTING_NUMERIC_PIT_BASELINE
300009,SZ,TECHNOLOGY_EXISTING_NUMERIC_PIT_BASELINE
300012,SZ,CROSS_SECTOR_A500_CURRENT_SCOPE
300014,SZ,TECHNOLOGY_EXISTING_NUMERIC_PIT_BASELINE
300015,SZ,TECHNOLOGY_EXISTING_NUMERIC_PIT_BASELINE
300017,SZ,TECHNOLOGY_EXISTING_NUMERIC_PIT_BASELINE
300024,SZ,TECHNOLOGY_EXISTING_NUMERIC_PIT_BASELINE
300033,SZ,TECHNOLOGY_EXISTING_NUMERIC_PIT_BASELINE
300034,SZ,CROSS_SECTOR_PRIORITY_CURRENT_SCOPE
300035,SZ,TECHNOLOGY_EXISTING_NUMERIC_PIT_BASELINE
300037,SZ,TECHNOLOGY_EXISTING_NUMERIC_PIT_BASELINE
300049,SZ,CROSS_SECTOR_A500_CURRENT_SCOPE
300054,SZ,CROSS_SECTOR_A500_CURRENT_SCOPE
300058,SZ,TECHNOLOGY_EXISTING_NUMERIC_PIT_BASELINE
300059,SZ,TECHNOLOGY_EXISTING_NUMERIC_PIT_BASELINE
300070,SZ,TECHNOLOGY_EXISTING_NUMERIC_PIT_BASELINE
300073,SZ,TECHNOLOGY_EXISTING_NUMERIC_PIT_BASELINE
300083,SZ,CROSS_SECTOR_A500_CURRENT_SCOPE
300088,SZ,TECHNOLOGY_EXISTING_NUMERIC_PIT_BASELINE
300100,SZ,CROSS_SECTOR_A500_CURRENT_SCOPE
300114,SZ,TECHNOLOGY_EXISTING_NUMERIC_PIT_BASELINE
300115,SZ,TECHNOLOGY_EXISTING_NUMERIC_PIT_BASELINE
300118,SZ,TECHNOLOGY_EXISTING_NUMERIC_PIT_BASELINE
300122,SZ,TECHNOLOGY_EXISTING_NUMERIC_PIT_BASELINE
300124,SZ,TECHNOLOGY_EXISTING_NUMERIC_PIT_BASELINE
300136,SZ,TECHNOLOGY_EXISTING_NUMERIC_PIT_BASELINE
300142,SZ,TECHNOLOGY_EXISTING_NUMERIC_PIT_BASELINE
300144,SZ,CROSS_SECTOR_A500_CURRENT_SCOPE
300146,SZ,TECHNOLOGY_EXISTING_NUMERIC_PIT_BASELINE
300207,SZ,TECHNOLOGY_EXISTING_NUMERIC_PIT_BASELINE
300223,SZ,TECHNOLOGY_EXISTING_NUMERIC_PIT_BASELINE
300251,SZ,TECHNOLOGY_EXISTING_NUMERIC_PIT_BASELINE
300253,SZ,TECHNOLOGY_EXISTING_NUMERIC_PIT_BASELINE
300255,SZ,TECHNOLOGY_EXISTING_NUMERIC_PIT_BASELINE
300274,SZ,TECHNOLOGY_EXISTING_NUMERIC_PIT_BASELINE
300296,SZ,TECHNOLOGY_EXISTING_NUMERIC_PIT_BASELINE
300308,SZ,TECHNOLOGY_EXISTING_NUMERIC_PIT_BASELINE
300316,SZ,TECHNOLOGY_EXISTING_NUMERIC_PIT_BASELINE
300339,SZ,TECHNOLOGY_EXISTING_NUMERIC_PIT_BASELINE
300342,SZ,CROSS_SECTOR_A500_CURRENT_SCOPE
300346,SZ,TECHNOLOGY_EXISTING_NUMERIC_PIT_BASELINE
300347,SZ,TECHNOLOGY_EXISTING_NUMERIC_PIT_BASELINE
300357,SZ,CROSS_SECTOR_PRIORITY_CURRENT_SCOPE
300363,SZ,TECHNOLOGY_EXISTING_NUMERIC_PIT_BASELINE
300373,SZ,TECHNOLOGY_EXISTING_NUMERIC_PIT_BASELINE
300383,SZ,TECHNOLOGY_EXISTING_NUMERIC_PIT_BASELINE
300390,SZ,TECHNOLOGY_EXISTING_NUMERIC_PIT_BASELINE
300394,SZ,TECHNOLOGY_EXISTING_NUMERIC_PIT_BASELINE
300395,SZ,TECHNOLOGY_EXISTING_NUMERIC_PIT_BASELINE
300408,SZ,TECHNOLOGY_EXISTING_NUMERIC_PIT_BASELINE
300409,SZ,CROSS_SECTOR_A500_CURRENT_SCOPE
300413,SZ,TECHNOLOGY_EXISTING_NUMERIC_PIT_BASELINE
300418,SZ,TECHNOLOGY_EXISTING_NUMERIC_PIT_BASELINE
300432,SZ,TECHNOLOGY_EXISTING_NUMERIC_PIT_BASELINE
300433,SZ,TECHNOLOGY_EXISTING_NUMERIC_PIT_BASELINE
300438,SZ,TECHNOLOGY_EXISTING_NUMERIC_PIT_BASELINE
300442,SZ,TECHNOLOGY_EXISTING_NUMERIC_PIT_BASELINE
300450,SZ,TECHNOLOGY_EXISTING_NUMERIC_PIT_BASELINE
300454,SZ,CROSS_SECTOR_A500_CURRENT_SCOPE
300457,SZ,CROSS_SECTOR_A500_CURRENT_SCOPE
300458,SZ,TECHNOLOGY_EXISTING_NUMERIC_PIT_BASELINE
300474,SZ,TECHNOLOGY_EXISTING_NUMERIC_PIT_BASELINE
300475,SZ,TECHNOLOGY_EXISTING_NUMERIC_PIT_BASELINE
300476,SZ,TECHNOLOGY_EXISTING_NUMERIC_PIT_BASELINE
300482,SZ,TECHNOLOGY_EXISTING_NUMERIC_PIT_BASELINE
300496,SZ,TECHNOLOGY_EXISTING_NUMERIC_PIT_BASELINE
300502,SZ,TECHNOLOGY_EXISTING_NUMERIC_PIT_BASELINE
300548,SZ,TECHNOLOGY_EXISTING_NUMERIC_PIT_BASELINE
300558,SZ,TECHNOLOGY_EXISTING_NUMERIC_PIT_BASELINE
300567,SZ,TECHNOLOGY_EXISTING_NUMERIC_PIT_BASELINE
300568,SZ,TECHNOLOGY_EXISTING_NUMERIC_PIT_BASELINE
300573,SZ,TECHNOLOGY_EXISTING_NUMERIC_PIT_BASELINE
300595,SZ,TECHNOLOGY_EXISTING_NUMERIC_PIT_BASELINE
300601,SZ,TECHNOLOGY_EXISTING_NUMERIC_PIT_BASELINE
300604,SZ,TECHNOLOGY_EXISTING_NUMERIC_PIT_BASELINE
300618,SZ,TECHNOLOGY_EXISTING_NUMERIC_PIT_BASELINE
300620,SZ,TECHNOLOGY_EXISTING_NUMERIC_PIT_BASELINE
300661,SZ,TECHNOLOGY_EXISTING_NUMERIC_PIT_BASELINE
300676,SZ,TECHNOLOGY_EXISTING_NUMERIC_PIT_BASELINE
300677,SZ,TECHNOLOGY_EXISTING_NUMERIC_PIT_BASELINE
300699,SZ,CROSS_SECTOR_PRIORITY_CURRENT_SCOPE
300724,SZ,TECHNOLOGY_EXISTING_NUMERIC_PIT_BASELINE
300726,SZ,CROSS_SECTOR_PRIORITY_CURRENT_SCOPE
300735,SZ,TECHNOLOGY_EXISTING_NUMERIC_PIT_BASELINE
300748,SZ,TECHNOLOGY_EXISTING_NUMERIC_PIT_BASELINE
300750,SZ,TECHNOLOGY_EXISTING_NUMERIC_PIT_BASELINE
300751,SZ,TECHNOLOGY_EXISTING_NUMERIC_PIT_BASELINE
300757,SZ,TECHNOLOGY_EXISTING_NUMERIC_PIT_BASELINE
300759,SZ,TECHNOLOGY_EXISTING_NUMERIC_PIT_BASELINE
300760,SZ,TECHNOLOGY_EXISTING_NUMERIC_PIT_BASELINE
300763,SZ,TECHNOLOGY_EXISTING_NUMERIC_PIT_BASELINE
300769,SZ,TECHNOLOGY_EXISTING_NUMERIC_PIT_BASELINE
300775,SZ,CROSS_SECTOR_PRIORITY_CURRENT_SCOPE
300777,SZ,CROSS_SECTOR_PRIORITY_CURRENT_SCOPE
300782,SZ,TECHNOLOGY_EXISTING_NUMERIC_PIT_BASELINE
300803,SZ,TECHNOLOGY_EXISTING_NUMERIC_PIT_BASELINE
300832,SZ,CROSS_SECTOR_A500_CURRENT_SCOPE
300850,SZ,TECHNOLOGY_EXISTING_NUMERIC_PIT_BASELINE
300855,SZ,CROSS_SECTOR_PRIORITY_CURRENT_SCOPE
300857,SZ,TECHNOLOGY_EXISTING_NUMERIC_PIT_BASELINE
300866,SZ,CROSS_SECTOR_A500_CURRENT_SCOPE
300896,SZ,TECHNOLOGY_EXISTING_NUMERIC_PIT_BASELINE
300919,SZ,CROSS_SECTOR_A500_CURRENT_SCOPE
300972,SZ,CROSS_SECTOR_A500_CURRENT_SCOPE
301078,SZ,CROSS_SECTOR_A500_CURRENT_SCOPE
301236,SZ,TECHNOLOGY_EXISTING_NUMERIC_PIT_BASELINE
301269,SZ,TECHNOLOGY_EXISTING_NUMERIC_PIT_BASELINE
301301,SZ,TECHNOLOGY_EXISTING_NUMERIC_PIT_BASELINE
301308,SZ,TECHNOLOGY_EXISTING_NUMERIC_PIT_BASELINE
301358,SZ,CROSS_SECTOR_A500_CURRENT_SCOPE
301550,SZ,CROSS_SECTOR_A500_CURRENT_SCOPE
302132,SZ,TECHNOLOGY_EXISTING_NUMERIC_PIT_BASELINE
600000,SH,CROSS_SECTOR_A500_CURRENT_SCOPE
600004,SH,CROSS_SECTOR_A500_CURRENT_SCOPE
600008,SH,CROSS_SECTOR_A500_CURRENT_SCOPE
600009,SH,CROSS_SECTOR_A500_CURRENT_SCOPE
600010,SH,CROSS_SECTOR_A500_CURRENT_SCOPE
600011,SH,CROSS_SECTOR_A500_CURRENT_SCOPE
600018,SH,CROSS_SECTOR_A500_CURRENT_SCOPE
600019,SH,CROSS_SECTOR_A500_CURRENT_SCOPE
600026,SH,CROSS_SECTOR_A500_CURRENT_SCOPE
600028,SH,CROSS_SECTOR_A500_CURRENT_SCOPE
600029,SH,CROSS_SECTOR_A500_CURRENT_SCOPE
600030,SH,CROSS_SECTOR_A500_CURRENT_SCOPE
600031,SH,CROSS_SECTOR_A500_CURRENT_SCOPE
600036,SH,CROSS_SECTOR_A500_CURRENT_SCOPE
600038,SH,CROSS_SECTOR_PRIORITY_CURRENT_SCOPE
600039,SH,CROSS_SECTOR_A500_CURRENT_SCOPE
600048,SH,CROSS_SECTOR_A500_CURRENT_SCOPE
600050,SH,CROSS_SECTOR_A500_CURRENT_SCOPE
600064,SH,CROSS_SECTOR_A500_CURRENT_SCOPE
600066,SH,CROSS_SECTOR_A500_CURRENT_SCOPE
600085,SH,CROSS_SECTOR_A500_CURRENT_SCOPE
600089,SH,CROSS_SECTOR_A500_CURRENT_SCOPE
600096,SH,CROSS_SECTOR_A500_CURRENT_SCOPE
600104,SH,CROSS_SECTOR_A500_CURRENT_SCOPE
600111,SH,CROSS_SECTOR_A500_CURRENT_SCOPE
600115,SH,CROSS_SECTOR_A500_CURRENT_SCOPE
600118,SH,CROSS_SECTOR_A500_CURRENT_SCOPE
600141,SH,CROSS_SECTOR_A500_CURRENT_SCOPE
600143,SH,CROSS_SECTOR_A500_CURRENT_SCOPE
600150,SH,CROSS_SECTOR_A500_CURRENT_SCOPE
600153,SH,CROSS_SECTOR_A500_CURRENT_SCOPE
600157,SH,CROSS_SECTOR_A500_CURRENT_SCOPE
600160,SH,CROSS_SECTOR_A500_CURRENT_SCOPE
600161,SH,CROSS_SECTOR_A500_CURRENT_SCOPE
600166,SH,CROSS_SECTOR_A500_CURRENT_SCOPE
600170,SH,CROSS_SECTOR_A500_CURRENT_SCOPE
600176,SH,CROSS_SECTOR_A500_CURRENT_SCOPE
600177,SH,CROSS_SECTOR_A500_CURRENT_SCOPE
600183,SH,CROSS_SECTOR_A500_CURRENT_SCOPE
600184,SH,CROSS_SECTOR_PRIORITY_CURRENT_SCOPE
600196,SH,CROSS_SECTOR_PRIORITY_CURRENT_SCOPE
600208,SH,CROSS_SECTOR_A500_CURRENT_SCOPE
600216,SH,CROSS_SECTOR_PRIORITY_CURRENT_SCOPE
600219,SH,CROSS_SECTOR_A500_CURRENT_SCOPE
600221,SH,CROSS_SECTOR_A500_CURRENT_SCOPE
600226,SH,CROSS_SECTOR_A500_CURRENT_SCOPE
600233,SH,CROSS_SECTOR_A500_CURRENT_SCOPE
600258,SH,CROSS_SECTOR_A500_CURRENT_SCOPE
600276,SH,CROSS_SECTOR_PRIORITY_CURRENT_SCOPE
600309,SH,CROSS_SECTOR_A500_CURRENT_SCOPE
600312,SH,CROSS_SECTOR_A500_CURRENT_SCOPE
600316,SH,CROSS_SECTOR_PRIORITY_CURRENT_SCOPE
600323,SH,CROSS_SECTOR_A500_CURRENT_SCOPE
600325,SH,CROSS_SECTOR_A500_CURRENT_SCOPE
600332,SH,CROSS_SECTOR_A500_CURRENT_SCOPE
600346,SH,CROSS_SECTOR_A500_CURRENT_SCOPE
600352,SH,CROSS_SECTOR_A500_CURRENT_SCOPE
600362,SH,CROSS_SECTOR_A500_CURRENT_SCOPE
600372,SH,CROSS_SECTOR_PRIORITY_CURRENT_SCOPE
600380,SH,CROSS_SECTOR_PRIORITY_CURRENT_SCOPE
600391,SH,CROSS_SECTOR_PRIORITY_CURRENT_SCOPE
600392,SH,CROSS_SECTOR_A500_CURRENT_SCOPE
600398,SH,CROSS_SECTOR_A500_CURRENT_SCOPE
600406,SH,CROSS_SECTOR_A500_CURRENT_SCOPE
600415,SH,CROSS_SECTOR_A500_CURRENT_SCOPE
600416,SH,CROSS_SECTOR_PRIORITY_CURRENT_SCOPE
600418,SH,CROSS_SECTOR_A500_CURRENT_SCOPE
600426,SH,CROSS_SECTOR_A500_CURRENT_SCOPE
600435,SH,CROSS_SECTOR_PRIORITY_CURRENT_SCOPE
600436,SH,CROSS_SECTOR_A500_CURRENT_SCOPE
600438,SH,CROSS_SECTOR_A500_CURRENT_SCOPE
600456,SH,CROSS_SECTOR_PRIORITY_CURRENT_SCOPE
600460,SH,CROSS_SECTOR_A500_CURRENT_SCOPE
600482,SH,CROSS_SECTOR_A500_CURRENT_SCOPE
600486,SH,CROSS_SECTOR_A500_CURRENT_SCOPE
600487,SH,CROSS_SECTOR_A500_CURRENT_SCOPE
600489,SH,CROSS_SECTOR_A500_CURRENT_SCOPE
600497,SH,CROSS_SECTOR_A500_CURRENT_SCOPE
600499,SH,CROSS_SECTOR_A500_CURRENT_SCOPE
600511,SH,CROSS_SECTOR_A500_CURRENT_SCOPE
600515,SH,CROSS_SECTOR_A500_CURRENT_SCOPE
600516,SH,CROSS_SECTOR_A500_CURRENT_SCOPE
600519,SH,CROSS_SECTOR_A500_CURRENT_SCOPE
600521,SH,CROSS_SECTOR_PRIORITY_CURRENT_SCOPE
600522,SH,CROSS_SECTOR_A500_CURRENT_SCOPE
600529,SH,CROSS_SECTOR_A500_CURRENT_SCOPE
600535,SH,CROSS_SECTOR_PRIORITY_CURRENT_SCOPE
600547,SH,CROSS_SECTOR_A500_CURRENT_SCOPE
600549,SH,CROSS_SECTOR_A500_CURRENT_SCOPE
600562,SH,CROSS_SECTOR_PRIORITY_CURRENT_SCOPE
600566,SH,CROSS_SECTOR_PRIORITY_CURRENT_SCOPE
600570,SH,CROSS_SECTOR_A500_CURRENT_SCOPE
600580,SH,CROSS_SECTOR_A500_CURRENT_SCOPE
600584,SH,CROSS_SECTOR_A500_CURRENT_SCOPE
600585,SH,CROSS_SECTOR_A500_CURRENT_SCOPE
600588,SH,CROSS_SECTOR_A500_CURRENT_SCOPE
600635,SH,CROSS_SECTOR_A500_CURRENT_SCOPE
600655,SH,CROSS_SECTOR_A500_CURRENT_SCOPE
600660,SH,CROSS_SECTOR_A500_CURRENT_SCOPE
600663,SH,CROSS_SECTOR_A500_CURRENT_SCOPE
600667,SH,CROSS_SECTOR_A500_CURRENT_SCOPE
600673,SH,CROSS_SECTOR_A500_CURRENT_SCOPE
600674,SH,CROSS_SECTOR_A500_CURRENT_SCOPE
600690,SH,CROSS_SECTOR_A500_CURRENT_SCOPE
600699,SH,CROSS_SECTOR_A500_CURRENT_SCOPE
600704,SH,CROSS_SECTOR_A500_CURRENT_SCOPE
600711,SH,CROSS_SECTOR_A500_CURRENT_SCOPE
600741,SH,CROSS_SECTOR_A500_CURRENT_SCOPE
600754,SH,CROSS_SECTOR_A500_CURRENT_SCOPE
600760,SH,CROSS_SECTOR_PRIORITY_CURRENT_SCOPE
600763,SH,CROSS_SECTOR_A500_CURRENT_SCOPE
600765,SH,CROSS_SECTOR_PRIORITY_CURRENT_SCOPE
600795,SH,CROSS_SECTOR_A500_CURRENT_SCOPE
600803,SH,CROSS_SECTOR_A500_CURRENT_SCOPE
600816,SH,CROSS_SECTOR_A500_CURRENT_SCOPE
600820,SH,CROSS_SECTOR_A500_CURRENT_SCOPE
600839,SH,CROSS_SECTOR_A500_CURRENT_SCOPE
600859,SH,CROSS_SECTOR_A500_CURRENT_SCOPE
600862,SH,CROSS_SECTOR_PRIORITY_CURRENT_SCOPE
600864,SH,CROSS_SECTOR_A500_CURRENT_SCOPE
600867,SH,CROSS_SECTOR_PRIORITY_CURRENT_SCOPE
600875,SH,CROSS_SECTOR_A500_CURRENT_SCOPE
600879,SH,CROSS_SECTOR_PRIORITY_CURRENT_SCOPE
600885,SH,CROSS_SECTOR_A500_CURRENT_SCOPE
600886,SH,CROSS_SECTOR_A500_CURRENT_SCOPE
600887,SH,CROSS_SECTOR_A500_CURRENT_SCOPE
600893,SH,CROSS_SECTOR_PRIORITY_CURRENT_SCOPE
600895,SH,CROSS_SECTOR_A500_CURRENT_SCOPE
600900,SH,CROSS_SECTOR_A500_CURRENT_SCOPE
600905,SH,CROSS_SECTOR_A500_CURRENT_SCOPE
600938,SH,CROSS_SECTOR_A500_CURRENT_SCOPE
600941,SH,CROSS_SECTOR_A500_CURRENT_SCOPE
600967,SH,CROSS_SECTOR_PRIORITY_CURRENT_SCOPE
600988,SH,CROSS_SECTOR_A500_CURRENT_SCOPE
600989,SH,CROSS_SECTOR_A500_CURRENT_SCOPE
600998,SH,CROSS_SECTOR_A500_CURRENT_SCOPE
601000,SH,CROSS_SECTOR_A500_CURRENT_SCOPE
601006,SH,CROSS_SECTOR_A500_CURRENT_SCOPE
601012,SH,CROSS_SECTOR_A500_CURRENT_SCOPE
601018,SH,CROSS_SECTOR_A500_CURRENT_SCOPE
601021,SH,CROSS_SECTOR_A500_CURRENT_SCOPE
601058,SH,CROSS_SECTOR_A500_CURRENT_SCOPE
601088,SH,CROSS_SECTOR_A500_CURRENT_SCOPE
601100,SH,CROSS_SECTOR_A500_CURRENT_SCOPE
601111,SH,CROSS_SECTOR_A500_CURRENT_SCOPE
601117,SH,CROSS_SECTOR_A500_CURRENT_SCOPE
601127,SH,CROSS_SECTOR_A500_CURRENT_SCOPE
601155,SH,CROSS_SECTOR_A500_CURRENT_SCOPE
601166,SH,CROSS_SECTOR_A500_CURRENT_SCOPE
601168,SH,CROSS_SECTOR_A500_CURRENT_SCOPE
601179,SH,CROSS_SECTOR_A500_CURRENT_SCOPE
601186,SH,CROSS_SECTOR_A500_CURRENT_SCOPE
601211,SH,CROSS_SECTOR_A500_CURRENT_SCOPE
601216,SH,CROSS_SECTOR_A500_CURRENT_SCOPE
601225,SH,CROSS_SECTOR_A500_CURRENT_SCOPE
601233,SH,CROSS_SECTOR_A500_CURRENT_SCOPE
601238,SH,CROSS_SECTOR_A500_CURRENT_SCOPE
601288,SH,CROSS_SECTOR_A500_CURRENT_SCOPE
601318,SH,CROSS_SECTOR_A500_CURRENT_SCOPE
601319,SH,CROSS_SECTOR_A500_CURRENT_SCOPE
601328,SH,CROSS_SECTOR_A500_CURRENT_SCOPE
601360,SH,CROSS_SECTOR_A500_CURRENT_SCOPE
601390,SH,CROSS_SECTOR_A500_CURRENT_SCOPE
601398,SH,CROSS_SECTOR_A500_CURRENT_SCOPE
601567,SH,CROSS_SECTOR_A500_CURRENT_SCOPE
601600,SH,CROSS_SECTOR_A500_CURRENT_SCOPE
601601,SH,CROSS_SECTOR_A500_CURRENT_SCOPE
601607,SH,CROSS_SECTOR_A500_CURRENT_SCOPE
601615,SH,CROSS_SECTOR_A500_CURRENT_SCOPE
601618,SH,CROSS_SECTOR_A500_CURRENT_SCOPE
601628,SH,CROSS_SECTOR_A500_CURRENT_SCOPE
601633,SH,CROSS_SECTOR_A500_CURRENT_SCOPE
601658,SH,CROSS_SECTOR_A500_CURRENT_SCOPE
601668,SH,CROSS_SECTOR_A500_CURRENT_SCOPE
601669,SH,CROSS_SECTOR_A500_CURRENT_SCOPE
601677,SH,CROSS_SECTOR_A500_CURRENT_SCOPE
601689,SH,CROSS_SECTOR_A500_CURRENT_SCOPE
601727,SH,CROSS_SECTOR_A500_CURRENT_SCOPE
601728,SH,CROSS_SECTOR_A500_CURRENT_SCOPE
601766,SH,CROSS_SECTOR_A500_CURRENT_SCOPE
601799,SH,CROSS_SECTOR_A500_CURRENT_SCOPE
601800,SH,CROSS_SECTOR_A500_CURRENT_SCOPE
601816,SH,CROSS_SECTOR_A500_CURRENT_SCOPE
601857,SH,CROSS_SECTOR_A500_CURRENT_SCOPE
601866,SH,CROSS_SECTOR_A500_CURRENT_SCOPE
601868,SH,CROSS_SECTOR_A500_CURRENT_SCOPE
601872,SH,CROSS_SECTOR_A500_CURRENT_SCOPE
601877,SH,CROSS_SECTOR_A500_CURRENT_SCOPE
601880,SH,CROSS_SECTOR_A500_CURRENT_SCOPE
601888,SH,CROSS_SECTOR_A500_CURRENT_SCOPE
601899,SH,CROSS_SECTOR_A500_CURRENT_SCOPE
601919,SH,CROSS_SECTOR_A500_CURRENT_SCOPE
601985,SH,CROSS_SECTOR_A500_CURRENT_SCOPE
601988,SH,CROSS_SECTOR_A500_CURRENT_SCOPE
603019,SH,CROSS_SECTOR_A500_CURRENT_SCOPE
603087,SH,CROSS_SECTOR_PRIORITY_CURRENT_SCOPE
603127,SH,CROSS_SECTOR_PRIORITY_CURRENT_SCOPE
603129,SH,CROSS_SECTOR_A500_CURRENT_SCOPE
603259,SH,CROSS_SECTOR_PRIORITY_CURRENT_SCOPE
603260,SH,CROSS_SECTOR_A500_CURRENT_SCOPE
603267,SH,CROSS_SECTOR_PRIORITY_CURRENT_SCOPE
603288,SH,CROSS_SECTOR_A500_CURRENT_SCOPE
603308,SH,CROSS_SECTOR_PRIORITY_CURRENT_SCOPE
603392,SH,CROSS_SECTOR_A500_CURRENT_SCOPE
603456,SH,CROSS_SECTOR_PRIORITY_CURRENT_SCOPE
603486,SH,CROSS_SECTOR_A500_CURRENT_SCOPE
603501,SH,CROSS_SECTOR_A500_CURRENT_SCOPE
603568,SH,CROSS_SECTOR_A500_CURRENT_SCOPE
603596,SH,CROSS_SECTOR_A500_CURRENT_SCOPE
603605,SH,CROSS_SECTOR_A500_CURRENT_SCOPE
603606,SH,CROSS_SECTOR_A500_CURRENT_SCOPE
603650,SH,CROSS_SECTOR_A500_CURRENT_SCOPE
603659,SH,CROSS_SECTOR_A500_CURRENT_SCOPE
603678,SH,CROSS_SECTOR_PRIORITY_CURRENT_SCOPE
603766,SH,CROSS_SECTOR_A500_CURRENT_SCOPE
603799,SH,CROSS_SECTOR_A500_CURRENT_SCOPE
603806,SH,CROSS_SECTOR_A500_CURRENT_SCOPE
603816,SH,CROSS_SECTOR_A500_CURRENT_SCOPE
603833,SH,CROSS_SECTOR_A500_CURRENT_SCOPE
603858,SH,CROSS_SECTOR_PRIORITY_CURRENT_SCOPE
603885,SH,CROSS_SECTOR_A500_CURRENT_SCOPE
603899,SH,CROSS_SECTOR_A500_CURRENT_SCOPE
603939,SH,CROSS_SECTOR_A500_CURRENT_SCOPE
603979,SH,CROSS_SECTOR_A500_CURRENT_SCOPE
603986,SH,CROSS_SECTOR_A500_CURRENT_SCOPE
603993,SH,CROSS_SECTOR_A500_CURRENT_SCOPE
605090,SH,CROSS_SECTOR_A500_CURRENT_SCOPE
605117,SH,CROSS_SECTOR_A500_CURRENT_SCOPE
605499,SH,CROSS_SECTOR_A500_CURRENT_SCOPE
605589,SH,CROSS_SECTOR_A500_CURRENT_SCOPE
688001,SH,TECHNOLOGY_EXISTING_NUMERIC_PIT_BASELINE
688002,SH,TECHNOLOGY_EXISTING_NUMERIC_PIT_BASELINE
688005,SH,TECHNOLOGY_EXISTING_NUMERIC_PIT_BASELINE
688006,SH,TECHNOLOGY_EXISTING_NUMERIC_PIT_BASELINE
688008,SH,TECHNOLOGY_EXISTING_NUMERIC_PIT_BASELINE
688009,SH,TECHNOLOGY_EXISTING_NUMERIC_PIT_BASELINE
688012,SH,TECHNOLOGY_EXISTING_NUMERIC_PIT_BASELINE
688016,SH,TECHNOLOGY_EXISTING_NUMERIC_PIT_BASELINE
688017,SH,CROSS_SECTOR_A500_CURRENT_SCOPE
688023,SH,TECHNOLOGY_EXISTING_NUMERIC_PIT_BASELINE
688027,SH,TECHNOLOGY_EXISTING_NUMERIC_PIT_BASELINE
688029,SH,TECHNOLOGY_EXISTING_NUMERIC_PIT_BASELINE
688032,SH,TECHNOLOGY_EXISTING_NUMERIC_PIT_BASELINE
688036,SH,TECHNOLOGY_EXISTING_NUMERIC_PIT_BASELINE
688041,SH,TECHNOLOGY_EXISTING_NUMERIC_PIT_BASELINE
688047,SH,TECHNOLOGY_EXISTING_NUMERIC_PIT_BASELINE
688052,SH,TECHNOLOGY_EXISTING_NUMERIC_PIT_BASELINE
688063,SH,TECHNOLOGY_EXISTING_NUMERIC_PIT_BASELINE
688065,SH,CROSS_SECTOR_A500_CURRENT_SCOPE
688072,SH,TECHNOLOGY_EXISTING_NUMERIC_PIT_BASELINE
688082,SH,TECHNOLOGY_EXISTING_NUMERIC_PIT_BASELINE
688083,SH,TECHNOLOGY_EXISTING_NUMERIC_PIT_BASELINE
688088,SH,TECHNOLOGY_EXISTING_NUMERIC_PIT_BASELINE
688099,SH,TECHNOLOGY_EXISTING_NUMERIC_PIT_BASELINE
688105,SH,TECHNOLOGY_EXISTING_NUMERIC_PIT_BASELINE
688111,SH,TECHNOLOGY_EXISTING_NUMERIC_PIT_BASELINE
688114,SH,TECHNOLOGY_EXISTING_NUMERIC_PIT_BASELINE
688116,SH,TECHNOLOGY_EXISTING_NUMERIC_PIT_BASELINE
688120,SH,TECHNOLOGY_EXISTING_NUMERIC_PIT_BASELINE
688122,SH,TECHNOLOGY_EXISTING_NUMERIC_PIT_BASELINE
688126,SH,TECHNOLOGY_EXISTING_NUMERIC_PIT_BASELINE
688131,SH,CROSS_SECTOR_PRIORITY_CURRENT_SCOPE
688139,SH,TECHNOLOGY_EXISTING_NUMERIC_PIT_BASELINE
688158,SH,TECHNOLOGY_EXISTING_NUMERIC_PIT_BASELINE
688161,SH,TECHNOLOGY_EXISTING_NUMERIC_PIT_BASELINE
688166,SH,TECHNOLOGY_EXISTING_NUMERIC_PIT_BASELINE
688169,SH,TECHNOLOGY_EXISTING_NUMERIC_PIT_BASELINE
688180,SH,TECHNOLOGY_EXISTING_NUMERIC_PIT_BASELINE
688183,SH,TECHNOLOGY_EXISTING_NUMERIC_PIT_BASELINE
688185,SH,TECHNOLOGY_EXISTING_NUMERIC_PIT_BASELINE
688187,SH,TECHNOLOGY_EXISTING_NUMERIC_PIT_BASELINE
688188,SH,TECHNOLOGY_EXISTING_NUMERIC_PIT_BASELINE
688192,SH,CROSS_SECTOR_PRIORITY_CURRENT_SCOPE
688202,SH,TECHNOLOGY_EXISTING_NUMERIC_PIT_BASELINE
688208,SH,TECHNOLOGY_EXISTING_NUMERIC_PIT_BASELINE
688213,SH,TECHNOLOGY_EXISTING_NUMERIC_PIT_BASELINE
688220,SH,TECHNOLOGY_EXISTING_NUMERIC_PIT_BASELINE
688223,SH,TECHNOLOGY_EXISTING_NUMERIC_PIT_BASELINE
688234,SH,TECHNOLOGY_EXISTING_NUMERIC_PIT_BASELINE
688235,SH,CROSS_SECTOR_PRIORITY_CURRENT_SCOPE
688249,SH,TECHNOLOGY_EXISTING_NUMERIC_PIT_BASELINE
688256,SH,TECHNOLOGY_EXISTING_NUMERIC_PIT_BASELINE
688266,SH,TECHNOLOGY_EXISTING_NUMERIC_PIT_BASELINE
688271,SH,TECHNOLOGY_EXISTING_NUMERIC_PIT_BASELINE
688276,SH,TECHNOLOGY_EXISTING_NUMERIC_PIT_BASELINE
688278,SH,TECHNOLOGY_EXISTING_NUMERIC_PIT_BASELINE
688281,SH,CROSS_SECTOR_PRIORITY_CURRENT_SCOPE
688289,SH,TECHNOLOGY_EXISTING_NUMERIC_PIT_BASELINE
688295,SH,TECHNOLOGY_EXISTING_NUMERIC_PIT_BASELINE
688297,SH,TECHNOLOGY_EXISTING_NUMERIC_PIT_BASELINE
688301,SH,TECHNOLOGY_EXISTING_NUMERIC_PIT_BASELINE
688303,SH,TECHNOLOGY_EXISTING_NUMERIC_PIT_BASELINE
688321,SH,TECHNOLOGY_EXISTING_NUMERIC_PIT_BASELINE
688331,SH,CROSS_SECTOR_PRIORITY_CURRENT_SCOPE
688336,SH,CROSS_SECTOR_PRIORITY_CURRENT_SCOPE
688347,SH,TECHNOLOGY_EXISTING_NUMERIC_PIT_BASELINE
688348,SH,TECHNOLOGY_EXISTING_NUMERIC_PIT_BASELINE
688349,SH,TECHNOLOGY_EXISTING_NUMERIC_PIT_BASELINE
688361,SH,TECHNOLOGY_EXISTING_NUMERIC_PIT_BASELINE
688363,SH,TECHNOLOGY_EXISTING_NUMERIC_PIT_BASELINE
688366,SH,TECHNOLOGY_EXISTING_NUMERIC_PIT_BASELINE
688368,SH,TECHNOLOGY_EXISTING_NUMERIC_PIT_BASELINE
688375,SH,TECHNOLOGY_EXISTING_NUMERIC_PIT_BASELINE
688382,SH,CROSS_SECTOR_PRIORITY_CURRENT_SCOPE
688385,SH,TECHNOLOGY_EXISTING_NUMERIC_PIT_BASELINE
688388,SH,TECHNOLOGY_EXISTING_NUMERIC_PIT_BASELINE
688390,SH,TECHNOLOGY_EXISTING_NUMERIC_PIT_BASELINE
688396,SH,TECHNOLOGY_EXISTING_NUMERIC_PIT_BASELINE
688439,SH,CROSS_SECTOR_PRIORITY_CURRENT_SCOPE
688469,SH,TECHNOLOGY_EXISTING_NUMERIC_PIT_BASELINE
688472,SH,TECHNOLOGY_EXISTING_NUMERIC_PIT_BASELINE
688475,SH,TECHNOLOGY_EXISTING_NUMERIC_PIT_BASELINE
688498,SH,TECHNOLOGY_EXISTING_NUMERIC_PIT_BASELINE
688506,SH,TECHNOLOGY_EXISTING_NUMERIC_PIT_BASELINE
688520,SH,CROSS_SECTOR_PRIORITY_CURRENT_SCOPE
688521,SH,TECHNOLOGY_EXISTING_NUMERIC_PIT_BASELINE
688523,SH,CROSS_SECTOR_PRIORITY_CURRENT_SCOPE
688525,SH,TECHNOLOGY_EXISTING_NUMERIC_PIT_BASELINE
688536,SH,TECHNOLOGY_EXISTING_NUMERIC_PIT_BASELINE
688538,SH,TECHNOLOGY_EXISTING_NUMERIC_PIT_BASELINE
688543,SH,CROSS_SECTOR_PRIORITY_CURRENT_SCOPE
688552,SH,CROSS_SECTOR_PRIORITY_CURRENT_SCOPE
688561,SH,TECHNOLOGY_EXISTING_NUMERIC_PIT_BASELINE
688563,SH,TECHNOLOGY_EXISTING_NUMERIC_PIT_BASELINE
688568,SH,TECHNOLOGY_EXISTING_NUMERIC_PIT_BASELINE
688578,SH,TECHNOLOGY_EXISTING_NUMERIC_PIT_BASELINE
688599,SH,TECHNOLOGY_EXISTING_NUMERIC_PIT_BASELINE
688608,SH,TECHNOLOGY_EXISTING_NUMERIC_PIT_BASELINE
688617,SH,TECHNOLOGY_EXISTING_NUMERIC_PIT_BASELINE
688629,SH,TECHNOLOGY_EXISTING_NUMERIC_PIT_BASELINE
688676,SH,CROSS_SECTOR_A500_CURRENT_SCOPE
688686,SH,TECHNOLOGY_EXISTING_NUMERIC_PIT_BASELINE
688690,SH,TECHNOLOGY_EXISTING_NUMERIC_PIT_BASELINE
688696,SH,TECHNOLOGY_EXISTING_NUMERIC_PIT_BASELINE
688702,SH,TECHNOLOGY_EXISTING_NUMERIC_PIT_BASELINE
688728,SH,TECHNOLOGY_EXISTING_NUMERIC_PIT_BASELINE
688729,SH,TECHNOLOGY_EXISTING_NUMERIC_PIT_BASELINE
688772,SH,TECHNOLOGY_EXISTING_NUMERIC_PIT_BASELINE
688775,SH,TECHNOLOGY_EXISTING_NUMERIC_PIT_BASELINE
688777,SH,TECHNOLOGY_EXISTING_NUMERIC_PIT_BASELINE
688779,SH,TECHNOLOGY_EXISTING_NUMERIC_PIT_BASELINE
688795,SH,TECHNOLOGY_EXISTING_NUMERIC_PIT_BASELINE
688802,SH,TECHNOLOGY_EXISTING_NUMERIC_PIT_BASELINE
688819,SH,TECHNOLOGY_EXISTING_NUMERIC_PIT_BASELINE
688820,SH,TECHNOLOGY_EXISTING_NUMERIC_PIT_BASELINE
688981,SH,TECHNOLOGY_EXISTING_NUMERIC_PIT_BASELINE
689009,SH,TECHNOLOGY_EXISTING_NUMERIC_PIT_BASELINE
