symbol,snapshot_date,source_url
688002,2026-09-14,https://www.sse.com.cn/market/sseindex/diclosure/c/c_20260828_10830242.shtml
688008,2026-09-14,https://www.sse.com.cn/market/sseindex/diclosure/c/c_20260828_10830242.shtml
688009,2026-09-14,https://www.sse.com.cn/market/sseindex/diclosure/c/c_20260828_10830242.shtml
688012,2026-09-14,https://www.sse.com.cn/market/sseindex/diclosure/c/c_20260828_10830242.shtml
688027,2026-09-14,https://www.sse.com.cn/market/sseindex/diclosure/c/c_20260828_10830242.shtml
688036,2026-09-14,https://www.sse.com.cn/market/sseindex/diclosure/c/c_20260828_10830242.shtml
688041,2026-09-14,https://www.sse.com.cn/market/sseindex/diclosure/c/c_20260828_10830242.shtml
688047,2026-09-14,https://www.sse.com.cn/market/sseindex/diclosure/c/c_20260828_10830242.shtml
688072,2026-09-14,https://www.sse.com.cn/market/sseindex/diclosure/c/c_20260828_10830242.shtml
688082,2026-09-14,https://www.sse.com.cn/market/sseindex/diclosure/c/c_20260828_10830242.shtml
688099,2026-09-14,https://www.sse.com.cn/market/sseindex/diclosure/c/c_20260828_10830242.shtml
688111,2026-09-14,https://www.sse.com.cn/market/sseindex/diclosure/c/c_20260828_10830242.shtml
688120,2026-09-14,https://www.sse.com.cn/market/sseindex/diclosure/c/c_20260828_10830242.shtml
688122,2026-09-14,https://www.sse.com.cn/market/sseindex/diclosure/c/c_20260828_10830242.shtml
688126,2026-09-14,https://www.sse.com.cn/market/sseindex/diclosure/c/c_20260828_10830242.shtml
688169,2026-09-14,https://www.sse.com.cn/market/sseindex/diclosure/c/c_20260828_10830242.shtml
688183,2026-09-14,https://www.sse.com.cn/market/sseindex/diclosure/c/c_20260828_10830242.shtml
688187,2026-09-14,https://www.sse.com.cn/market/sseindex/diclosure/c/c_20260828_10830242.shtml
688188,2026-09-14,https://www.sse.com.cn/market/sseindex/diclosure/c/c_20260828_10830242.shtml
688213,2026-09-14,https://www.sse.com.cn/market/sseindex/diclosure/c/c_20260828_10830242.shtml
688220,2026-09-14,https://www.sse.com.cn/market/sseindex/diclosure/c/c_20260828_10830242.shtml
688223,2026-09-14,https://www.sse.com.cn/market/sseindex/diclosure/c/c_20260828_10830242.shtml
688249,2026-09-14,https://www.sse.com.cn/market/sseindex/diclosure/c/c_20260828_10830242.shtml
688256,2026-09-14,https://www.sse.com.cn/market/sseindex/diclosure/c/c_20260828_10830242.shtml
688271,2026-09-14,https://www.sse.com.cn/market/sseindex/diclosure/c/c_20260828_10830242.shtml
688303,2026-09-14,https://www.sse.com.cn/market/sseindex/diclosure/c/c_20260828_10830242.shtml
688347,2026-09-14,https://www.sse.com.cn/market/sseindex/diclosure/c/c_20260828_10830242.shtml
688361,2026-09-14,https://www.sse.com.cn/market/sseindex/diclosure/c/c_20260828_10830242.shtml
688375,2026-09-14,https://www.sse.com.cn/market/sseindex/diclosure/c/c_20260828_10830242.shtml
688396,2026-09-14,https://www.sse.com.cn/market/sseindex/diclosure/c/c_20260828_10830242.shtml
688469,2026-09-14,https://www.sse.com.cn/market/sseindex/diclosure/c/c_20260828_10830242.shtml
688472,2026-09-14,https://www.sse.com.cn/market/sseindex/diclosure/c/c_20260828_10830242.shtml
688498,2026-09-14,https://www.sse.com.cn/market/sseindex/diclosure/c/c_20260828_10830242.shtml
688506,2026-09-14,https://www.sse.com.cn/market/sseindex/diclosure/c/c_20260828_10830242.shtml
688521,2026-09-14,https://www.sse.com.cn/market/sseindex/diclosure/c/c_20260828_10830242.shtml
688525,2026-09-14,https://www.sse.com.cn/market/sseindex/diclosure/c/c_20260828_10830242.shtml
688568,2026-09-14,https://www.sse.com.cn/market/sseindex/diclosure/c/c_20260828_10830242.shtml
688578,2026-09-14,https://www.sse.com.cn/market/sseindex/diclosure/c/c_20260828_10830242.shtml
688599,2026-09-14,https://www.sse.com.cn/market/sseindex/diclosure/c/c_20260828_10830242.shtml
688629,2026-09-14,https://www.sse.com.cn/market/sseindex/diclosure/c/c_20260828_10830242.shtml
688702,2026-09-14,https://www.sse.com.cn/market/sseindex/diclosure/c/c_20260828_10830242.shtml
688728,2026-09-14,https://www.sse.com.cn/market/sseindex/diclosure/c/c_20260828_10830242.shtml
688729,2026-09-14,https://www.sse.com.cn/market/sseindex/diclosure/c/c_20260828_10830242.shtml
688775,2026-09-14,https://www.sse.com.cn/market/sseindex/diclosure/c/c_20260828_10830242.shtml
688777,2026-09-14,https://www.sse.com.cn/market/sseindex/diclosure/c/c_20260828_10830242.shtml
688795,2026-09-14,https://www.sse.com.cn/market/sseindex/diclosure/c/c_20260828_10830242.shtml
688802,2026-09-14,https://www.sse.com.cn/market/sseindex/diclosure/c/c_20260828_10830242.shtml
688820,2026-09-14,https://www.sse.com.cn/market/sseindex/diclosure/c/c_20260828_10830242.shtml
688981,2026-09-14,https://www.sse.com.cn/market/sseindex/diclosure/c/c_20260828_10830242.shtml
689009,2026-09-14,https://www.sse.com.cn/market/sseindex/diclosure/c/c_20260828_10830242.shtml

