date,index_code,open,close,high,low,volume,amount,pct_chg,provider
2025-12-01,000300,4539.19,4576.49,4576.97,4531.29,200382317.0,463861587299.99994,,akshare:tencent_index
2025-12-02,000300,4571.91,4554.33,4575.49,4539.43,148493132.0,364366426500.0,-0.4842138844398214,akshare:tencent_index
2025-12-03,000300,4554.59,4531.05,4569.82,4523.5,169762790.0,374486168900.0,-0.5111619052637795,akshare:tencent_index
2025-12-04,000300,4533.6,4546.57,4557.42,4514.19,147198110.0,348767399200.0,0.34252546319284427,akshare:tencent_index
2025-12-05,000300,4547.91,4584.54,4593.83,4535.02,196799968.0,412146806500.0,0.8351350578568173,akshare:tencent_index
2025-12-08,000300,4593.14,4621.75,4640.63,4592.74,199620990.0,496716196100.0,0.8116408625510996,akshare:tencent_index
2025-12-09,000300,4611.38,4598.22,4628.7,4584.25,184160344.0,452113884600.0,-0.5091145129009544,akshare:tencent_index
2025-12-10,000300,4586.25,4591.83,4598.54,4549.08,169111106.0,401452781500.0,-0.13896681759464347,akshare:tencent_index
2025-12-11,000300,4597.19,4552.18,4610.28,4547.14,168419405.0,432431093500.0,-0.8634901553411067,akshare:tencent_index
2025-12-12,000300,4558.74,4580.95,4583.68,4530.78,212826520.0,523863221700.0,0.6320048855712912,akshare:tencent_index
2025-12-15,000300,4550.0,4552.06,4595.05,4548.44,167589967.0,424383389799.99994,-0.630655213438247,akshare:tencent_index
2025-12-16,000300,4542.42,4497.55,4553.08,4484.27,165165201.0,390500134300.0,-1.1974798223222116,akshare:tencent_index
2025-12-17,000300,4499.77,4579.88,4594.66,4498.93,178424830.0,452504741100.0,1.830552189525414,akshare:tencent_index
2025-12-18,000300,4553.98,4552.79,4571.97,4544.14,151681328.0,382102395700.0,-0.5915002139794123,akshare:tencent_index
2025-12-19,000300,4561.37,4568.18,4591.09,4546.85,154876220.0,371577144300.0,0.3380344799562618,akshare:tencent_index
2025-12-22,000300,4587.67,4611.62,4615.87,4587.67,165252856.0,448240599500.0,0.9509257516122416,akshare:tencent_index
2025-12-23,000300,4616.03,4620.73,4644.53,4607.8,169256412.0,433141326000.0,0.19754446376760715,akshare:tencent_index
2025-12-24,000300,4623.68,4634.06,4639.43,4602.14,153711241.0,406375640700.0,0.28848255578666215,akshare:tencent_index
2025-12-25,000300,4629.32,4642.54,4651.15,4621.92,139434186.0,385356060800.0,0.1829928831305505,akshare:tencent_index
2025-12-26,000300,4639.79,4657.24,4676.13,4635.11,175396565.0,460426934300.0,0.3166370133590668,akshare:tencent_index
2025-12-29,000300,4658.27,4639.37,4672.04,4629.06,200397133.0,482613536500.0,-0.3837036528072435,akshare:tencent_index
2025-12-30,000300,4617.32,4651.28,4664.33,4616.63,180374974.0,457185489000.0,0.25671589030407116,akshare:tencent_index
2025-12-31,000300,4656.48,4629.94,4667.05,4622.1,170760224.0,444491545700.0,-0.45879843827936195,akshare:tencent_index
2026-01-05,000300,4661.62,4717.75,4721.64,4661.62,234144839.0,630577351300.0,1.8965688540240278,akshare:tencent_index
2026-01-06,000300,4719.21,4790.69,4790.69,4718.01,296970686.0,725414566900.0,1.5460759896136933,akshare:tencent_index
2026-01-07,000300,4796.93,4776.67,4802.6,4751.07,259095564.0,664897929400.0,-0.2926509542466649,akshare:tencent_index
2026-01-08,000300,4761.01,4737.65,4765.49,4717.01,238804957.0,630655638000.0,-0.8168870782365167,akshare:tencent_index
2026-01-09,000300,4725.96,4758.92,4771.43,4719.13,254688038.0,668788811100.0,0.44895676126350814,akshare:tencent_index
2026-01-12,000300,4769.65,4789.92,4795.93,4737.57,294833165.0,799954082400.0,0.6514083027241435,akshare:tencent_index
2026-01-13,000300,4798.05,4761.03,4836.95,4745.52,301449497.0,801054979599.9999,-0.6031415973544507,akshare:tencent_index
2026-01-14,000300,4767.7,4741.93,4818.1,4720.25,364951023.0,891334219200.0,-0.4011736956078704,akshare:tencent_index
2026-01-15,000300,4721.8,4751.43,4769.55,4720.94,254003636.0,674058683600.0,0.20034036774057018,akshare:tencent_index
2026-01-16,000300,4778.43,4731.87,4792.55,4715.36,325278929.0,785624166100.0,-0.41166554068986505,akshare:tencent_index
2026-01-19,000300,4720.19,4734.46,4761.63,4715.09,267612492.0,655149256200.0,0.05473523152581539,akshare:tencent_index
2026-01-20,000300,4736.91,4718.88,4748.23,4684.97,282719579.0,671960685400.0001,-0.329076600076883,akshare:tencent_index
2026-01-21,000300,4714.55,4723.07,4758.28,4714.24,266353332.0,665330511200.0,0.08879225578950489,akshare:tencent_index
2026-01-22,000300,4741.75,4723.71,4757.76,4700.45,274199932.0,690235248199.9999,0.013550508461657174,akshare:tencent_index
2026-01-23,000300,4729.59,4702.5,4734.79,4684.62,314635445.0,755617735500.0,-0.4490114761490416,akshare:tencent_index
2026-01-26,000300,4715.38,4706.96,4754.18,4693.16,363004481.0,796832970300.0,0.09484316852736985,akshare:tencent_index
2026-01-27,000300,4705.17,4705.69,4736.99,4675.64,301475697.0,715267914800.0,-0.026981321277441683,akshare:tencent_index
2026-01-28,000300,4725.6,4717.99,4739.63,4697.91,382255602.0,829414067099.9999,0.26138568413984764,akshare:tencent_index
2026-01-29,000300,4733.09,4753.87,4770.96,4696.05,415513055.0,917966160300.0,0.7604933456832219,akshare:tencent_index
2026-01-30,000300,4723.08,4706.34,4738.87,4645.47,319786531.0,750564885200.0,-0.9998169912092569,akshare:tencent_index
2026-02-02,000300,4674.28,4605.98,4716.61,4601.76,304773500.0,725920381300.0,-2.1324426199552216,akshare:tencent_index
2026-02-03,000300,4648.36,4660.11,4662.13,4578.21,265549405.0,666626842800.0,1.1752113556724009,akshare:tencent_index
2026-02-04,000300,4647.97,4698.68,4701.48,4641.84,264881032.0,636018589900.0,0.8276628663272056,akshare:tencent_index
2026-02-05,000300,4664.75,4670.42,4687.02,4639.43,237856351.0,550433167200.0,-0.6014455123566687,akshare:tencent_index
2026-02-06,000300,4622.97,4643.6,4678.26,4606.64,202716477.0,505759806200.0,-0.5742524226943102,akshare:tencent_index
2026-02-09,000300,4693.67,4719.06,4719.96,4679.9,207251938.0,522757267200.0,1.62503230252391,akshare:tencent_index
2026-02-10,000300,4718.26,4724.3,4732.09,4713.87,187000958.0,450339579000.0,0.1110390628642044,akshare:tencent_index
2026-02-11,000300,4715.67,4713.82,4723.7,4703.69,173391681.0,433428613400.00006,-0.22183180577017847,akshare:tencent_index
2026-02-12,000300,4720.01,4719.58,4726.04,4707.74,197841439.0,490473852299.99994,0.1221938894569563,akshare:tencent_index
2026-02-13,000300,4693.41,4660.41,4703.63,4658.4,189167756.0,452878594099.99994,-1.2537132541454943,akshare:tencent_index
2026-02-24,000300,4727.3,4707.54,4727.37,4698.35,218488890.0,526084235600.0,1.0112844148905342,akshare:tencent_index
2026-02-25,000300,4713.58,4735.89,4766.56,4713.34,284268354.0,596903872600.0,0.6022253661147836,akshare:tencent_index
2026-02-26,000300,4741.39,4726.87,4742.15,4706.69,234847644.0,599848915400.0,-0.19046050478369603,akshare:tencent_index
2026-02-27,000300,4698.3,4710.65,4721.01,4692.89,261420865.0,578820992500.0,-0.3431446178972619,akshare:tencent_index
2026-03-02,000300,4681.01,4728.67,4735.41,4667.28,349260752.0,752681937800.0,0.3825374417543381,akshare:tencent_index
2026-03-03,000300,4737.32,4655.9,4744.6,4651.4,370624272.0,801659243800.0,-1.538910518179537,akshare:tencent_index
2026-03-04,000300,4609.19,4602.62,4639.42,4575.82,303035666.0,608923128600.0,-1.1443544749672352,akshare:tencent_index
2026-03-05,000300,4651.94,4647.69,4671.53,4630.3,259317825.0,570443777100.0,0.979224876266116,akshare:tencent_index
2026-03-06,000300,4621.49,4660.44,4671.71,4612.79,238527926.0,487807080200.00006,0.27432982836634867,akshare:tencent_index
2026-03-09,000300,4600.25,4615.46,4625.98,4548.97,322787617.0,665821508000.0,-0.9651449219386876,akshare:tencent_index
2026-03-10,000300,4648.79,4674.76,4677.6,4648.79,263903748.0,557607876100.0,1.2848123480649898,akshare:tencent_index
2026-03-11,000300,4681.03,4704.5,4711.87,4674.71,270175443.0,579564397600.0,0.6361823922511389,akshare:tencent_index
2026-03-12,000300,4700.72,4687.56,4704.38,4654.31,302986816.0,572105482500.0,-0.3600807737272782,akshare:tencent_index
2026-03-13,000300,4669.06,4669.14,4707.42,4659.5,310772009.0,580305608200.0,-0.3929549701763846,akshare:tencent_index
2026-03-16,000300,4669.22,4671.56,4673.69,4621.81,296215070.0,598799098400.0,0.051829673130376896,akshare:tencent_index
2026-03-17,000300,4685.57,4637.44,4720.86,4637.37,263021913.0,578501505800.0,-0.7303770046836799,akshare:tencent_index
2026-03-18,000300,4648.75,4658.33,4662.29,4604.52,234690705.0,524173911500.0,0.45046404913056115,akshare:tencent_index
2026-03-19,000300,4611.44,4583.25,4634.55,4570.39,254130449.0,547850295800.0,-1.6117363948024321,akshare:tencent_index
2026-03-20,000300,4602.82,4567.02,4628.71,4563.07,257873703.0,615463088600.0,-0.35411552937325563,akshare:tencent_index
2026-03-23,000300,4499.1,4418.0,4514.72,4397.57,328081945.0,671719761100.0,-3.2629592162942256,akshare:tencent_index
2026-03-24,000300,4458.91,4474.72,4474.83,4394.29,255532517.0,530149390300.0,1.2838388411045676,akshare:tencent_index
2026-03-25,000300,4506.62,4537.47,4542.18,4502.03,262639279.0,550428161200.0,1.4023223799477957,akshare:tencent_index
2026-03-26,000300,4525.33,4477.53,4541.05,4468.96,213736788.0,471127498400.00006,-1.3210004694246047,akshare:tencent_index
2026-03-27,000300,4431.5,4502.57,4519.89,4431.42,192400388.0,440517561599.99994,0.5592369007019427,akshare:tencent_index
2026-03-30,000300,4461.74,4491.95,4496.41,4447.14,209293092.0,444629519700.0,-0.2358652947094586,akshare:tencent_index
2026-03-31,000300,4491.92,4450.05,4523.17,4450.05,224541585.0,484558113000.0,-0.9327797504424473,akshare:tencent_index
2026-04-01,000300,4517.27,4526.07,4532.11,4492.05,216483196.0,503744057000.0,1.7082954124110872,akshare:tencent_index
2026-04-02,000300,4514.44,4478.91,4519.69,4459.61,190992161.0,429949131700.0,-1.0419635577885389,akshare:tencent_index
2026-04-03,000300,4492.85,4440.79,4494.46,4437.6,168321705.0,373234910200.00006,-0.851099932796151,akshare:tencent_index
2026-04-07,000300,4445.86,4440.62,4458.93,4420.69,162638787.0,378261695000.0,-0.003828147694440176,akshare:tencent_index
2026-04-08,000300,4517.34,4595.56,4595.56,4513.77,253339213.0,641779181000.0,3.4891524156536846,akshare:tencent_index
2026-04-09,000300,4562.67,4566.22,4579.2,4552.42,184939783.0,500445676700.0,-0.6384423225896385,akshare:tencent_index
2026-04-10,000300,4594.95,4636.57,4655.1,4590.11,208678605.0,625717995600.0,1.540661641357599,akshare:tencent_index
2026-04-13,000300,4615.13,4646.15,4653.4,4615.13,196712277.0,556620945200.0,0.20661825444239224,akshare:tencent_index
2026-04-14,000300,4676.12,4701.28,4701.28,4654.85,204700332.0,605717793600.0,1.1865738299452255,akshare:tencent_index
2026-04-15,000300,4726.64,4685.25,4731.27,4672.56,201688500.0,604550556800.0,-0.34097096960826745,akshare:tencent_index
2026-04-16,000300,4694.43,4736.61,4739.22,4689.41,192057600.0,567611323600.0,1.0962061789658861,akshare:tencent_index
2026-04-17,000300,4729.0,4728.67,4738.32,4714.47,182915336.0,587622682300.0,-0.16763043611358608,akshare:tencent_index
2026-04-20,000300,4727.17,4757.44,4763.04,4720.69,221633494.0,626568410300.0,0.6084163200223314,akshare:tencent_index
2026-04-21,000300,4750.51,4768.0,4776.83,4722.01,205614058.0,580407995600.0,0.22196811730679222,akshare:tencent_index
2026-04-22,000300,4751.28,4799.63,4801.45,4750.35,204481830.0,619505670200.0,0.6633808724832324,akshare:tencent_index
2026-04-23,000300,4816.03,4786.33,4823.47,4759.86,232865736.0,693853776000.0,-0.277104693486796,akshare:tencent_index
2026-04-24,000300,4771.73,4769.37,4786.44,4735.61,193798314.0,680097832500.0,-0.3543424711626608,akshare:tencent_index
2026-04-27,000300,4776.34,4770.95,4795.17,4762.64,192796550.0,648904815000.0,0.03312806513229294,akshare:tencent_index
2026-04-28,000300,4757.08,4758.21,4778.19,4743.44,216724233.0,631521664900.0,-0.2670327712510079,akshare:tencent_index
2026-04-29,000300,4737.58,4810.35,4813.61,4737.11,233298110.0,681020507300.0,1.0957902236345296,akshare:tencent_index
2026-04-30,000300,4820.97,4807.31,4829.27,4797.54,250633370.0,726665374500.0,-0.06319706466265673,akshare:tencent_index
2026-05-06,000300,4857.65,4877.09,4892.8,4834.28,274443880.0,881744311600.0,1.4515394264151826,akshare:tencent_index
2026-05-07,000300,4895.8,4900.51,4901.86,4866.87,257833972.0,787236200000.0,0.48020438417171185,akshare:tencent_index
2026-05-08,000300,4871.12,4871.91,4887.21,4849.99,251720996.0,716546104100.0,-0.5836127260223978,akshare:tencent_index
2026-05-11,000300,4902.28,4951.84,4960.4,4889.57,305734801.0,904479321900.0,1.6406296503835405,akshare:tencent_index
2026-05-12,000300,4965.02,4948.05,4971.3,4926.79,273812001.0,819351442700.0,-0.07653720637177397,akshare:tencent_index
2026-05-13,000300,4919.42,4998.34,5001.12,4919.42,268454537.0,823173197900.0001,1.0163599801942258,akshare:tencent_index
2026-05-14,000300,5027.64,4914.6,5030.52,4913.6,280695379.0,857446326200.0,-1.6753562182644566,akshare:tencent_index
2026-05-15,000300,4911.62,4859.59,4935.62,4832.69,276967769.0,887687427000.0,-1.119317950596188,akshare:tencent_index
2026-05-18,000300,4836.33,4833.52,4868.6,4806.15,239077587.0,733452822600.0,-0.536465010422682,akshare:tencent_index
2026-05-19,000300,4818.71,4852.88,4854.52,4773.53,232280852.0,712401050000.0,0.400536255151529,akshare:tencent_index
2026-05-20,000300,4829.61,4850.7,4866.21,4825.64,220023206.0,729653332800.0,-0.044921778407880364,akshare:tencent_index
2026-05-21,000300,4886.24,4783.1,4937.93,4780.71,287342507.0,891936348000.0,-1.3936132929267875,akshare:tencent_index
2026-05-22,000300,4818.84,4845.1,4851.35,4785.35,286940435.0,771823300900.0,1.29623047814178,akshare:tencent_index
2026-05-25,000300,4873.2,4921.6,4922.44,4857.13,264743236.0,861179421900.0,1.5789147798807024,akshare:tencent_index
2026-05-26,000300,4900.12,4947.85,4952.74,4892.68,302799476.0,899094487900.0001,0.5333631339401901,akshare:tencent_index
2026-05-27,000300,4940.95,4908.17,4974.21,4891.34,301709175.0,909011907000.0,-0.8019644896268163,akshare:tencent_index
2026-05-28,000300,4889.27,4914.21,4922.33,4843.23,267432731.0,819897918900.0,0.12306012220439921,akshare:tencent_index
2026-05-29,000300,4937.51,4892.12,4954.07,4878.79,332518610.0,942236490100.0,-0.44951273958581117,akshare:tencent_index
2026-06-01,000300,4897.9,4844.26,4918.79,4836.69,296134051.0,823984849000.0,-0.9783079728215904,akshare:tencent_index
2026-06-02,000300,4860.61,4914.56,4930.28,4832.0,281731662.0,806751344400.0,1.4512020411786342,akshare:tencent_index
2026-06-03,000300,4921.34,4938.81,4991.85,4904.9,304035947.0,906047729400.0,0.49343176194815985,akshare:tencent_index
2026-06-04,000300,4897.32,4904.75,4938.78,4889.75,264808910.0,736143410000.0,-0.6896398120195046,akshare:tencent_index
2026-06-05,000300,4886.96,4816.92,4924.34,4798.91,301929336.0,839863796400.0,-1.7907130842550578,akshare:tencent_index
2026-06-08,000300,4703.77,4713.64,4779.86,4677.57,299647565.0,761046395200.0,-2.144108683557122,akshare:tencent_index
2026-06-09,000300,4743.45,4801.81,4802.5,4715.39,258391601.0,713286998800.0,1.870528933053861,akshare:tencent_index
2026-06-10,000300,4753.12,4748.59,4786.52,4718.99,259297109.0,694628416100.0,-1.1083320664499463,akshare:tencent_index
2026-06-11,000300,4730.07,4722.41,4766.17,4685.5,247177059.0,653931756300.0,-0.5513215501864788,akshare:tencent_index
2026-06-12,000300,4784.64,4777.32,4809.86,4757.56,335922063.0,871477325200.0,1.1627537634385732,akshare:tencent_index
2026-06-15,000300,4829.29,4891.71,4892.55,4803.18,331316076.0,914145755800.0,2.39443872296603,akshare:tencent_index
2026-06-16,000300,4894.88,4884.23,4908.28,4866.06,282584743.0,857202587500.0,-0.15291176296224895,akshare:tencent_index
2026-06-17,000300,4859.7,4931.39,4933.93,4859.7,276053950.0,850367581600.0,0.9655564950872719,akshare:tencent_index
2026-06-18,000300,4916.04,4941.6,4976.89,4916.04,334459902.0,1021710711100.0,0.20704101683297615,akshare:tencent_index
2026-06-22,000300,4949.35,5059.66,5061.51,4928.46,375100124.0,1145900296800.0,2.3891047434029256,akshare:tencent_index
2026-06-23,000300,5048.03,4919.39,5064.27,4892.09,342719336.0,1047052858800.0,-2.7723206697683134,akshare:tencent_index
2026-06-24,000300,4900.38,4943.02,4953.23,4892.27,312249025.0,964945850000.0,0.48034410770441127,akshare:tencent_index
2026-06-25,000300,4950.98,5020.1,5032.0,4944.88,346664289.0,1110040892300.0,1.5593705872118724,akshare:tencent_index
2026-06-26,000300,4981.83,4868.22,4981.98,4845.19,341179238.0,1068082662099.9999,-3.025437740284065,akshare:tencent_index
2026-06-29,000300,4866.04,4926.92,4928.6,4827.15,323216134.0,1053723822600.0,1.2057795251652514,akshare:tencent_index
2026-06-30,000300,4914.49,4979.43,4987.56,4914.49,306150226.0,985795205699.9999,1.0657774025151667,akshare:tencent_index
2026-07-01,000300,4972.69,4958.98,5017.38,4925.63,342934747.0,1101717526000.0,-0.41068957691946517,akshare:tencent_index
2026-07-02,000300,4865.17,4812.3,4896.99,4800.48,343243758.0,1027796834200.0,-2.9578663354157375,akshare:tencent_index
2026-07-03,000300,4809.5,4842.17,4890.97,4809.5,301067568.0,942569894400.0,0.6207011200465518,akshare:tencent_index
2026-07-06,000300,4868.54,4842.0,4878.32,4789.8,294050543.0,907946017000.0,-0.0035108226270508247,akshare:tencent_index
2026-07-07,000300,4813.87,4792.26,4839.51,4756.73,246305999.0,762617505600.0,-1.0272614622056975,akshare:tencent_index
2026-07-08,000300,4804.48,4755.53,4830.05,4751.4,243928749.0,783248978300.0,-0.7664442246455794,akshare:tencent_index
2026-07-09,000300,4774.4,4876.31,4882.85,4734.87,281627705.0,947119396800.0001,2.539780003490688,akshare:tencent_index
2026-07-10,000300,4887.54,4780.79,4906.49,4780.75,304130286.0,1083913073000.0,-1.9588582350178796,akshare:tencent_index
2026-07-13,000300,4745.44,4695.38,4775.24,4670.25,278634853.0,907944677900.0001,-1.7865248212115548,akshare:tencent_index
2026-07-14,000300,4691.12,4796.5,4796.5,4649.04,283250986.0,924097145100.0,2.153606310884304,akshare:tencent_index
2026-07-15,000300,4797.94,4786.78,4826.86,4772.04,278692669.0,858314510300.0,-0.20264776399459006,akshare:tencent_index
2026-07-16,000300,4711.53,4698.43,4771.06,4673.35,251560977.0,798830386800.0001,-1.8457083885200398,akshare:tencent_index
2026-07-17,000300,4661.62,4529.1,4663.53,4492.09,302629886.0,920822412800.0,-3.60396983673269,akshare:tencent_index
2026-07-20,000300,4575.67,4598.32,4628.8,4521.18,333116058.0,933403207700.0,1.5283389635909916,akshare:tencent_index
2026-07-21,000300,4630.85,4739.23,4739.23,4566.28,345403590.0,1016727269599.9999,3.064380034447356,akshare:tencent_index
2026-07-22,000300,4710.66,4717.24,4772.08,4692.83,285556357.0,921519272200.0,-0.46399942606709654,akshare:tencent_index
2026-07-23,000300,4735.17,4728.0,4737.51,4698.87,247331675.0,741818580600.0,0.2280994819004345,akshare:tencent_index
2026-07-24,000300,4685.41,4649.19,4704.08,4642.94,221261212.0,626378644400.0,-1.666878172588837,akshare:tencent_index
2026-07-27,000300,4656.03,4702.43,4702.52,4615.53,204786941.0,604552358200.0,1.1451457135544185,akshare:tencent_index
2026-07-28,000300,4623.8,4569.52,4646.49,4552.23,215705045.0,652026894000.0,-2.8264110257887887,akshare:tencent_index
2026-07-29,000300,4582.09,4600.26,4626.71,4516.32,248082357.0,751545094200.0,0.6727183599152697,akshare:tencent_index
2026-07-30,000300,4566.05,4549.72,4596.21,4478.21,274651130.0,803696969800.0,-1.098633555494688,akshare:tencent_index
2026-07-31,000300,4623.85,4588.2,4635.59,4588.2,279243698.0,832909109300.0001,0.8457663328732323,akshare:tencent_index
2026-08-03,000300,4561.82,4543.18,4572.59,4529.19,232042584.0,615750950300.0,-0.9812126759949358,akshare:tencent_index
2026-08-04,000300,4566.94,4600.93,4613.69,4555.25,242073611.0,698818114400.0,1.2711360764926738,akshare:tencent_index
2026-08-05,000300,4550.19,4658.15,4679.86,4550.19,276921919.0,879161152400.0,1.243661607544544,akshare:tencent_index
2026-08-06,000300,4621.8,4651.31,4675.65,4611.07,247510730.0,747784204200.0,-0.14683941049556948,akshare:tencent_index
2026-08-07,000300,4656.1,4694.44,4706.73,4649.58,239072020.0,788405762400.0,0.9272656520420863,akshare:tencent_index
2026-08-10,000300,4698.82,4702.02,4714.46,4659.47,213075996.0,733103396900.0,0.16146760849005126,akshare:tencent_index
2026-08-11,000300,4689.45,4663.79,4715.88,4660.47,209699098.0,645384756100.0,-0.8130548147392114,akshare:tencent_index
2026-08-12,000300,4660.47,4690.92,4700.43,4657.69,184939148.0,575326282000.0,0.5817157290529895,akshare:tencent_index
2026-08-13,000300,4716.97,4663.95,4727.23,4661.88,215499615.0,690715960900.0,-0.5749405233941407,akshare:tencent_index
2026-08-14,000300,4672.98,4665.88,4676.71,4637.13,178430696.0,549769606300.0,0.04138123264616489,akshare:tencent_index
2026-08-17,000300,4672.28,4741.1,4742.4,4662.72,190569286.0,657601746000.0,1.6121289017291485,akshare:tencent_index
2026-08-18,000300,4734.07,4725.81,4744.01,4687.53,204245514.0,619828730200.0,-0.3224989981227999,akshare:tencent_index
2026-08-19,000300,4660.06,4588.7,4674.38,4568.07,244070090.0,705253505400.0001,-2.90130157581453,akshare:tencent_index
2026-08-20,000300,4613.3,4592.75,4631.13,4569.23,200874189.0,554021067100.0,0.08826029158586213,akshare:tencent_index
2026-08-21,000300,4585.44,4618.9,4629.0,4579.26,171075891.0,505501102100.0,0.5693756463992061,akshare:tencent_index
2026-08-24,000300,4620.95,4563.13,4621.39,4527.49,206616872.0,590425593800.0,-1.2074303405572695,akshare:tencent_index
2026-08-25,000300,4542.24,4552.03,4573.38,4523.02,171510168.0,480421573900.0,-0.2432540821760587,akshare:tencent_index
2026-08-26,000300,4549.43,4590.79,4612.04,4542.84,184578169.0,489057278400.00006,0.8514882371161825,akshare:tencent_index
2026-08-27,000300,4594.48,4630.28,4631.35,4584.99,202017250.0,587120379400.0,0.8602005319345851,akshare:tencent_index
2026-08-28,000300,4615.84,4609.18,4643.34,4608.46,180989495.0,549813480100.0,-0.4556959838281749,akshare:tencent_index
2026-08-31,000300,4561.99,4625.09,4625.09,4557.35,237447640.0,583433867800.0,0.3451807045938615,akshare:tencent_index
2026-09-01,000300,4618.73,4611.44,4640.08,4604.77,214869581.0,535708359900.0,-0.2951293920767095,akshare:tencent_index
2026-09-02,000300,4581.51,4547.96,4583.27,4534.39,186991888.0,474680402400.0,-1.376576514060679,akshare:tencent_index
2026-09-03,000300,4570.91,4552.58,4585.99,4536.92,182244060.0,439940676500.0,0.10158400689539437,akshare:tencent_index
2026-09-04,000300,4575.32,4548.05,4602.2,4530.76,196997428.0,517509323600.0,-0.09950401750216109,akshare:tencent_index
2026-09-07,000300,4567.89,4575.02,4580.7,4545.41,183218470.0,535811893100.0,0.5930013962027747,akshare:tencent_index
2026-09-08,000300,4575.99,4558.74,4587.73,4546.31,173566694.0,492086620500.0,-0.35584543892706044,akshare:tencent_index
2026-09-09,000300,4578.51,4572.6,4581.9,4548.36,158004433.0,440048388800.0,0.3040313770910519,akshare:tencent_index
2026-09-10,000300,4550.19,4548.39,4569.83,4533.66,146922552.0,390616200800.0,-0.529458076367928,akshare:tencent_index
2026-09-11,000300,4514.3,4510.16,4520.17,4461.57,204230027.0,522206649500.0,-0.8405171939961265,akshare:tencent_index
2026-09-14,000300,4474.95,4480.08,4504.49,4473.27,149488418.0,398684667700.00006,-0.6669386451921833,akshare:tencent_index
2026-09-15,000300,4473.81,4450.04,4496.96,4444.63,142718095.0,394775647500.0,-0.6705237406474884,akshare:tencent_index
2026-09-16,000300,4449.88,4480.27,4483.36,4417.6,163494523.0,476451542100.0,0.6793197364518111,akshare:tencent_index
2026-09-17,000300,4463.62,4460.16,4495.83,4453.92,170025642.0,448339162400.0,-0.4488568769293044,akshare:tencent_index
2026-09-18,000300,4492.32,4507.39,4523.09,4480.59,189924166.0,537699359200.0,1.0589306213230065,akshare:tencent_index
2026-09-21,000300,4524.34,4539.57,4540.55,4512.15,186361542.0,495435929000.0,0.7139386651698443,akshare:tencent_index
2026-09-22,000300,4569.87,4544.59,4583.38,4537.04,177863876.0,523616704799.99994,0.11058316096019816,akshare:tencent_index
2026-09-23,000300,4547.61,4517.28,4547.69,4513.45,157143829.0,378289417100.0,-0.6009342977034371,akshare:tencent_index
2026-09-24,000300,4499.86,4439.14,4500.2,4439.14,151965787.0,375461676100.0,-1.729802004746206,akshare:tencent_index
2026-09-28,000300,4423.82,4340.76,4423.82,4323.57,171277373.0,428620471200.0,-2.216195028766832,akshare:tencent_index
2026-09-29,000300,4335.81,4345.21,4359.3,4324.53,148129466.0,334950785500.0,0.10251660999456291,akshare:tencent_index
2026-09-30,000300,4356.8,4357.62,4368.61,4341.88,162949626.0,356491548600.0,0.28560184663111166,akshare:tencent_index
2025-12-01,000905,7053.85,7101.83,7101.83,7040.8,178973432.0,308533693600.0,,akshare:tencent_index
2025-12-02,000905,7084.8,7040.3,7085.3,7022.61,149518197.0,247360273400.0,-0.866396407686465,akshare:tencent_index
2025-12-03,000905,7044.86,6996.36,7064.16,6975.09,157838867.0,251308651500.0,-0.6241211312018047,akshare:tencent_index
2025-12-04,000905,7001.64,7012.81,7039.72,6958.63,141038338.0,239912560000.0,0.23512226357707,akshare:tencent_index
2025-12-05,000905,7008.65,7097.84,7104.02,6965.81,168738274.0,275108399700.0,1.212495419097337,akshare:tencent_index
2025-12-08,000905,7119.05,7172.37,7193.72,7114.32,192611750.0,347244592800.0,1.0500377579657938,akshare:tencent_index
2025-12-09,000905,7150.97,7121.33,7185.11,7103.83,166901066.0,305522303600.0,-0.7116197296012317,akshare:tencent_index
2025-12-10,000905,7111.57,7155.99,7171.97,7070.48,153967827.0,280495257200.0,0.4867068370655536,akshare:tencent_index
2025-12-11,000905,7171.21,7082.89,7179.42,7082.89,181848554.0,300744575900.0,-1.0215218299634232,akshare:tencent_index
2025-12-12,000905,7088.1,7169.79,7187.1,7063.84,198402473.0,373144936700.0,1.226900318937596,akshare:tencent_index
2025-12-15,000905,7121.38,7113.96,7177.15,7110.68,172174064.0,301023637000.0,-0.7786838945073704,akshare:tencent_index
2025-12-16,000905,7101.67,7001.32,7102.77,6962.65,172065874.0,284968704400.0,-1.5833656641308091,akshare:tencent_index
2025-12-17,000905,7002.51,7137.83,7160.78,6988.87,174413136.0,302410118500.0,1.9497751852507905,akshare:tencent_index
2025-12-18,000905,7096.98,7100.84,7172.96,7094.54,154896123.0,275510779300.0,-0.518224726562555,akshare:tencent_index
2025-12-19,000905,7124.4,7169.55,7197.07,7117.16,178843146.0,292738015300.0,0.9676319984677884,akshare:tencent_index
2025-12-22,000905,7205.49,7255.66,7277.39,7205.49,178242881.0,327207674800.0,1.2010516699095364,akshare:tencent_index
2025-12-23,000905,7257.91,7256.79,7297.7,7228.72,173476002.0,328559029500.0,0.015574048398070417,akshare:tencent_index
2025-12-24,000905,7257.62,7352.04,7362.57,7247.41,168837713.0,331930929300.0,1.3125638195400358,akshare:tencent_index
2025-12-25,000905,7341.92,7410.71,7426.14,7334.34,168414201.0,336366985200.00006,0.7980098040815786,akshare:tencent_index
2025-12-26,000905,7422.6,7458.84,7484.92,7397.43,199276884.0,386914288400.00006,0.649465435835439,akshare:tencent_index
2025-12-29,000905,7467.5,7430.61,7491.69,7411.45,198844338.0,390446087100.0,-0.3784770822272687,akshare:tencent_index
2025-12-30,000905,7390.14,7458.94,7495.06,7389.87,196203615.0,407623516100.0,0.3812607578651095,akshare:tencent_index
2025-12-31,000905,7473.75,7465.57,7488.07,7435.07,194427743.0,380369638000.0,0.08888662464103803,akshare:tencent_index
2026-01-05,000905,7523.88,7651.2,7651.24,7523.25,251853863.0,504690493700.0,2.4864812733655928,akshare:tencent_index
2026-01-06,000905,7663.94,7814.14,7814.65,7663.66,313125102.0,571675103000.0,2.129600585529068,akshare:tencent_index
2026-01-07,000905,7838.91,7875.08,7909.66,7828.39,293903440.0,582740692900.0,0.7798682900485465,akshare:tencent_index
2026-01-08,000905,7853.21,7894.54,7938.59,7849.07,293561735.0,564453373700.0,0.24710860080152663,akshare:tencent_index
2026-01-09,000905,7907.85,8056.69,8064.76,7907.85,314624674.0,631145879400.0,2.0539512118502135,akshare:tencent_index
2026-01-12,000905,8141.63,8249.13,8261.35,8103.24,335236286.0,685824117000.0,2.3885739677212303,akshare:tencent_index
2026-01-13,000905,8270.42,8143.28,8270.42,8106.61,364131033.0,735218804700.0,-1.2831656186773621,akshare:tencent_index
2026-01-14,000905,8165.35,8227.7,8368.22,8123.4,422766002.0,815959272099.9999,1.036683007338568,akshare:tencent_index
2026-01-15,000905,8170.35,8223.27,8249.03,8148.79,313595830.0,600802134800.0,-0.05384250762667797,akshare:tencent_index
2026-01-16,000905,8241.69,8232.67,8292.74,8204.53,281979042.0,616185542300.0,0.11430975755386541,akshare:tencent_index
2026-01-19,000905,8199.5,8287.95,8318.37,8195.09,261497382.0,560926083800.0,0.6714711023276809,akshare:tencent_index
2026-01-20,000905,8307.64,8247.8,8342.87,8142.14,289864460.0,588171478700.0,-0.48443825071340374,akshare:tencent_index
2026-01-21,000905,8196.56,8340.11,8351.45,8196.56,243304381.0,517592184799.99994,1.1192075462547857,akshare:tencent_index
2026-01-22,000905,8355.68,8387.59,8396.13,8337.2,268805243.0,546138129700.0,0.5692970476408599,akshare:tencent_index
2026-01-23,000905,8422.36,8590.17,8590.17,8417.75,319690069.0,639421447000.0,2.4152348886867347,akshare:tencent_index
2026-01-26,000905,8624.89,8506.69,8671.35,8453.48,349285597.0,692104522400.0,-0.9718084741046962,akshare:tencent_index
2026-01-27,000905,8464.65,8548.93,8581.1,8368.18,302852606.0,610885915300.0,0.4965503621267464,akshare:tencent_index
2026-01-28,000905,8565.34,8601.16,8633.15,8526.53,311774257.0,612731517900.0,0.6109536515096048,akshare:tencent_index
2026-01-29,000905,8584.68,8517.84,8658.94,8503.09,354198387.0,666256871100.0,-0.9687065465588285,akshare:tencent_index
2026-01-30,000905,8439.65,8370.52,8496.34,8194.58,328947170.0,600497374500.0,-1.729546457787412,akshare:tencent_index
2026-02-02,000905,8279.72,8037.05,8324.43,8032.35,299646022.0,546055656700.0,-3.983862412371042,akshare:tencent_index
2026-02-03,000905,8135.87,8286.7,8286.7,8075.37,272227136.0,543264486200.0,3.106239229568075,akshare:tencent_index
2026-02-04,000905,8270.84,8299.06,8309.86,8179.35,268860277.0,501886746800.0,0.14915466953067114,akshare:tencent_index
2026-02-05,000905,8203.06,8146.11,8224.78,8081.43,231840515.0,435277701100.0,-1.8429798073516745,akshare:tencent_index
2026-02-06,000905,8054.22,8146.41,8247.3,8014.66,218642144.0,418373434799.99994,0.0036827393688598775,akshare:tencent_index
2026-02-09,000905,8280.11,8311.28,8313.47,8229.0,211667566.0,427982319300.0,2.0238362665272236,akshare:tencent_index
2026-02-10,000905,8318.53,8306.44,8331.99,8258.15,195806220.0,394283311200.0,-0.05823411075068785,akshare:tencent_index
2026-02-11,000905,8295.33,8325.81,8373.5,8295.12,204019703.0,388612429400.0,0.23319255902647384,akshare:tencent_index
2026-02-12,000905,8342.37,8423.57,8437.42,8341.77,212138318.0,438320451200.0,1.1741800497489185,akshare:tencent_index
2026-02-13,000905,8366.33,8299.58,8419.76,8290.84,202785725.0,406320461100.0,-1.4719412315680858,akshare:tencent_index
2026-02-24,000905,8403.31,8392.91,8444.13,8328.57,224629278.0,449713840300.0,1.1245147344805417,akshare:tencent_index
2026-02-25,000905,8412.08,8527.56,8551.53,8401.6,277893389.0,506848669799.99994,1.60433032166436,akshare:tencent_index
2026-02-26,000905,8542.83,8557.22,8582.76,8490.92,254111765.0,513984663200.0,0.3478134425322077,akshare:tencent_index
2026-02-27,000905,8499.8,8658.45,8658.45,8499.8,280361167.0,512821943100.0,1.182977649283301,akshare:tencent_index
2026-03-02,000905,8585.85,8658.33,8683.98,8551.46,339032296.0,619505359000.0,-0.001385929352260007,akshare:tencent_index
2026-03-03,000905,8651.06,8281.61,8654.57,8267.11,346153906.0,634660475400.0,-4.350954514323191,akshare:tencent_index
2026-03-04,000905,8167.98,8248.95,8377.17,8167.98,272107714.0,471470145300.0,-0.39436776182408817,akshare:tencent_index
2026-03-05,000905,8383.55,8309.17,8391.04,8251.11,256343454.0,472940762600.0,0.7300323071421033,akshare:tencent_index
2026-03-06,000905,8273.18,8360.33,8394.33,8258.64,234514960.0,427695132100.0,0.6157052990852341,akshare:tencent_index
2026-03-09,000905,8234.19,8279.48,8305.92,8066.14,286518510.0,523828528100.0,-0.9670670894569966,akshare:tencent_index
2026-03-10,000905,8341.14,8410.3,8412.93,8330.93,239941358.0,465082279000.0,1.5800509210723401,akshare:tencent_index
2026-03-11,000905,8419.31,8403.33,8439.62,8379.03,264487389.0,495752480800.0,-0.08287457046716185,akshare:tencent_index
2026-03-12,000905,8396.72,8359.47,8433.04,8290.59,282436504.0,478413662700.00006,-0.5219359468210838,akshare:tencent_index
2026-03-13,000905,8317.78,8239.8,8371.72,8217.97,288130990.0,482367288700.0,-1.4315500863092967,akshare:tencent_index
2026-03-16,000905,8227.69,8185.15,8233.66,8060.78,256205982.0,460796897400.0,-0.6632442535012939,akshare:tencent_index
2026-03-17,000905,8199.99,8016.03,8207.46,8016.0,230132800.0,406247342900.0,-2.06618082747414,akshare:tencent_index
2026-03-18,000905,8044.92,8096.43,8105.96,7958.45,206493923.0,391242647500.0,1.0029902582699979,akshare:tencent_index
2026-03-19,000905,7975.85,7877.09,8000.43,7844.15,219744866.0,394855039900.0,-2.709095243212134,akshare:tencent_index
2026-03-20,000905,7913.49,7760.04,7941.59,7757.83,219448788.0,417113691300.0,-1.485954838652348,akshare:tencent_index
2026-03-23,000905,7623.24,7440.75,7708.43,7399.04,271561024.0,451938508500.0,-4.114540646697695,akshare:tencent_index
2026-03-24,000905,7555.08,7597.37,7597.37,7379.86,228966418.0,388538162400.0,2.104895339851498,akshare:tencent_index
2026-03-25,000905,7660.4,7767.67,7806.91,7660.4,240711554.0,423378164000.0,2.2415651732112574,akshare:tencent_index
2026-03-26,000905,7757.02,7642.13,7777.29,7620.78,206216126.0,355916679300.0,-1.616186063517111,akshare:tencent_index
2026-03-27,000905,7539.2,7737.61,7785.38,7539.2,188205066.0,344204684300.0,1.249389895225539,akshare:tencent_index
2026-03-30,000905,7655.15,7753.72,7766.11,7610.55,197838569.0,361442205100.0,0.20820382521218317,akshare:tencent_index
2026-03-31,000905,7740.58,7617.33,7788.89,7617.33,199086035.0,376502133000.0,-1.7590266349571615,akshare:tencent_index
2026-04-01,000905,7764.34,7750.09,7778.99,7689.59,175960670.0,354799494799.99994,1.7428679077839737,akshare:tencent_index
2026-04-02,000905,7726.45,7605.29,7740.1,7562.21,172084873.0,325589868200.0,-1.868365399627625,akshare:tencent_index
2026-04-03,000905,7636.66,7534.94,7640.84,7518.35,151637356.0,283332454900.0,-0.9250140362826453,akshare:tencent_index
2026-04-07,000905,7562.14,7571.11,7630.14,7529.4,146961357.0,279371106700.0,0.4800303652052973,akshare:tencent_index
2026-04-08,000905,7741.63,7945.15,7945.15,7741.63,231936612.0,460383859300.0,4.940358811323575,akshare:tencent_index
2026-04-09,000905,7865.21,7898.63,7947.68,7845.96,190555650.0,398032241400.0,-0.5855144333335338,akshare:tencent_index
2026-04-10,000905,7958.81,7969.36,8070.65,7953.5,203404351.0,433921803700.0,0.8954717463661277,akshare:tencent_index
2026-04-13,000905,7917.92,7967.7,7990.98,7917.92,194948695.0,409703666200.0,-0.020829778049924474,akshare:tencent_index
2026-04-14,000905,8039.07,8088.57,8088.57,8002.65,214295672.0,460131213100.0,1.516999887043946,akshare:tencent_index
2026-04-15,000905,8144.81,8044.08,8150.62,8020.87,203656066.0,456985404099.99994,-0.5500354203524238,akshare:tencent_index
2026-04-16,000905,8068.15,8180.08,8189.18,8056.78,188455683.0,429996215500.0,1.6906843293453155,akshare:tencent_index
2026-04-17,000905,8155.4,8214.19,8230.11,8149.94,191578840.0,453410855700.0,0.41698858690868423,akshare:tencent_index
2026-04-20,000905,8223.58,8290.02,8310.94,8214.26,213764020.0,507388177400.0,0.9231585828913147,akshare:tencent_index
2026-04-21,000905,8263.38,8270.33,8281.32,8189.76,201836317.0,441523125500.0,-0.2375145053932326,akshare:tencent_index
2026-04-22,000905,8226.85,8376.18,8377.34,8226.85,213337236.0,501951553100.0,1.2798763773634203,akshare:tencent_index
2026-04-23,000905,8387.76,8295.21,8401.5,8220.95,249486989.0,565097207100.0,-0.9666697707069516,akshare:tencent_index
2026-04-24,000905,8244.78,8247.88,8299.88,8165.8,222311893.0,518618099300.0,-0.5705702447557082,akshare:tencent_index
2026-04-27,000905,8236.43,8299.05,8326.15,8219.94,224595802.0,524219031000.0,0.6204018487175,akshare:tencent_index
2026-04-28,000905,8274.63,8203.96,8275.33,8173.44,220109130.0,494514573500.0,-1.1457937956754094,akshare:tencent_index
2026-04-29,000905,8157.35,8342.42,8356.72,8157.35,230872017.0,489715085700.0,1.68772153935417,akshare:tencent_index
2026-04-30,000905,8331.44,8349.51,8375.19,8300.5,247554652.0,535036483500.0,0.08498732981556678,akshare:tencent_index
2026-05-06,000905,8441.34,8588.44,8621.35,8441.34,274647452.0,635607537800.0,2.861605052272531,akshare:tencent_index
2026-05-07,000905,8637.84,8696.8,8700.34,8598.71,270994179.0,620440650700.0,1.26169595409642,akshare:tencent_index
2026-05-08,000905,8638.84,8694.17,8706.33,8616.22,271143535.0,609002654300.0,-0.03024100818691533,akshare:tencent_index
2026-05-11,000905,8771.18,8839.74,8863.77,8716.45,288330196.0,709124529100.0,1.6743403913197064,akshare:tencent_index
2026-05-12,000905,8856.18,8785.98,8856.18,8736.42,269870968.0,633557984300.0,-0.6081626835178433,akshare:tencent_index
2026-05-13,000905,8730.91,8918.24,8925.88,8730.91,254096888.0,637052786000.0,1.5053528462391164,akshare:tencent_index
2026-05-14,000905,8952.95,8670.16,8956.66,8670.16,289502566.0,658225134900.0,-2.78171477780369,akshare:tencent_index
2026-05-15,000905,8676.62,8536.34,8717.09,8473.04,270961762.0,643023956600.0,-1.5434547920684216,akshare:tencent_index
2026-05-18,000905,8493.02,8554.24,8606.41,8472.42,231093417.0,559260917300.0,0.2096917414254884,akshare:tencent_index
2026-05-19,000905,8524.15,8627.95,8633.06,8416.52,243868820.0,571306974500.0,0.8616779515187911,akshare:tencent_index
2026-05-20,000905,8581.39,8656.31,8681.72,8552.43,230418697.0,574479528700.0,0.3286991695593766,akshare:tencent_index
2026-05-21,000905,8703.17,8419.84,8790.38,8406.29,279489158.0,687607693400.0,-2.73176445852793,akshare:tencent_index
2026-05-22,000905,8473.61,8576.94,8591.15,8414.94,221610391.0,556432683500.0,1.8658311796898808,akshare:tencent_index
2026-05-25,000905,8631.21,8703.89,8705.2,8543.89,235052890.0,629332990100.0,1.4801316087089234,akshare:tencent_index
2026-05-26,000905,8665.44,8658.62,8673.21,8529.67,247107844.0,647239450000.0,-0.5201122716394502,akshare:tencent_index
2026-05-27,000905,8659.22,8530.98,8722.58,8491.32,259116734.0,676927953500.0,-1.4741379111221087,akshare:tencent_index
2026-05-28,000905,8503.67,8563.22,8596.45,8424.45,242240006.0,596276737200.0,0.3779167223460833,akshare:tencent_index
2026-05-29,000905,8589.82,8359.56,8597.98,8296.24,281190616.0,661406695200.0,-2.378310962465058,akshare:tencent_index
2026-06-01,000905,8358.49,8274.21,8442.53,8259.6,258175027.0,584223622400.0,-1.0209867504988313,akshare:tencent_index
2026-06-02,000905,8290.83,8321.43,8378.43,8142.51,239589696.0,548050911700.0,0.5706889237764301,akshare:tencent_index
2026-06-03,000905,8317.0,8362.16,8462.67,8294.29,253576531.0,608167868400.0,0.489459143440496,akshare:tencent_index
2026-06-04,000905,8279.86,8356.74,8391.05,8279.86,230821976.0,570131396500.0,-0.0648157892219281,akshare:tencent_index
2026-06-05,000905,8317.64,8251.14,8399.41,8218.14,247089347.0,612246476400.0,-1.263650658031723,akshare:tencent_index
2026-06-08,000905,7978.66,7963.45,8142.34,7889.4,244793198.0,562548949700.0,-3.486669720790092,akshare:tencent_index
2026-06-09,000905,8059.34,8176.18,8181.13,7965.49,209292978.0,506484788500.0,2.6713296372803397,akshare:tencent_index
2026-06-10,000905,8094.14,8063.86,8148.26,7973.55,210910098.0,509158413600.0,-1.3737466640900808,akshare:tencent_index
2026-06-11,000905,8025.61,8035.78,8091.68,7965.02,196857776.0,512698921100.0,-0.3482203312061505,akshare:tencent_index
2026-06-12,000905,8189.21,8106.2,8258.91,8098.78,266244080.0,668679920700.0,0.8763306113407809,akshare:tencent_index
2026-06-15,000905,8175.05,8406.75,8406.78,8174.59,255562638.0,624419626300.0,3.7076558683476923,akshare:tencent_index
2026-06-16,000905,8430.92,8507.98,8538.19,8413.51,231495094.0,637593605900.0,1.204151425937483,akshare:tencent_index
2026-06-17,000905,8451.63,8627.09,8630.52,8451.63,224646015.0,655611276500.0,1.3999797836854455,akshare:tencent_index
2026-06-18,000905,8590.5,8673.09,8716.34,8587.98,239467579.0,667474010700.0,0.5332041279272559,akshare:tencent_index
2026-06-22,000905,8709.66,8868.78,8870.49,8605.22,280023119.0,759846035600.0,2.256289280982915,akshare:tencent_index
2026-06-23,000905,8831.59,8688.59,8895.34,8629.01,272403149.0,713885739599.9999,-2.0317337897658994,akshare:tencent_index
2026-06-24,000905,8638.66,8842.94,8850.79,8613.08,245311473.0,684019604200.0,1.7764677582899013,akshare:tencent_index
2026-06-25,000905,8844.85,8938.01,8940.96,8803.6,260102086.0,744120017700.0,1.0750949344901173,akshare:tencent_index
2026-06-26,000905,8891.03,8703.57,8926.75,8647.77,258558296.0,745538234900.0,-2.622955221576173,akshare:tencent_index
2026-06-29,000905,8731.58,8821.09,8837.03,8587.88,251461066.0,741568075900.0,1.35025052938047,akshare:tencent_index
2026-06-30,000905,8815.11,9031.38,9040.13,8771.66,224330809.0,695096018600.0,2.383945748201177,akshare:tencent_index
2026-07-01,000905,9052.04,9028.93,9147.56,8956.18,263104578.0,757642507600.0,-0.0271276371938578,akshare:tencent_index
2026-07-02,000905,8829.62,8694.18,8932.65,8667.42,261281407.0,732955232200.0,-3.7075268055018706,akshare:tencent_index
2026-07-03,000905,8702.33,8745.26,8860.42,8636.15,230148424.0,661131228400.0,0.5875194670457606,akshare:tencent_index
2026-07-06,000905,8790.97,8651.13,8823.05,8570.89,230152910.0,647313365600.0,-1.0763545051833856,akshare:tencent_index
2026-07-07,000905,8604.08,8508.79,8663.67,8457.58,199639190.0,530938136100.0,-1.6453341933365784,akshare:tencent_index
2026-07-08,000905,8539.02,8390.02,8571.52,8343.92,197220165.0,550698180800.0,-1.3958506438635832,akshare:tencent_index
2026-07-09,000905,8437.15,8652.79,8659.65,8281.95,215080488.0,602726823300.0,3.131935323157764,akshare:tencent_index
2026-07-10,000905,8672.36,8503.97,8783.25,8503.24,251414388.0,713405548500.0,-1.7199076829554572,akshare:tencent_index
2026-07-13,000905,8409.14,8138.14,8457.69,8106.27,224037631.0,572975762100.0,-4.301873125140365,akshare:tencent_index
2026-07-14,000905,8135.05,8275.94,8275.96,7955.31,215841090.0,562942516000.0,1.6932616052316662,akshare:tencent_index
2026-07-15,000905,8294.14,8147.58,8305.27,8117.46,209115524.0,512588772700.00006,-1.5510020613972664,akshare:tencent_index
2026-07-16,000905,8006.45,7955.66,8148.04,7907.1,193110603.0,474607241100.0,-2.355546063984648,akshare:tencent_index
2026-07-17,000905,7900.1,7513.76,7908.74,7474.15,236745743.0,511959798300.0,-5.554536015867939,akshare:tencent_index
2026-07-20,000905,7597.77,7411.31,7626.49,7253.52,253763302.0,537630257800.0,-1.3634984348714907,akshare:tencent_index
2026-07-21,000905,7437.45,7800.61,7802.75,7270.95,268381453.0,606955225200.0,5.25278257150219,akshare:tencent_index
2026-07-22,000905,7741.91,7751.66,7889.45,7701.22,230747285.0,569079906300.0,-0.6275150276709107,akshare:tencent_index
2026-07-23,000905,7750.85,7734.31,7795.35,7659.0,204974420.0,453036705000.0,-0.22382302629371242,akshare:tencent_index
2026-07-24,000905,7625.2,7532.7,7703.6,7532.67,186624835.0,402009190300.0,-2.6066966542587555,akshare:tencent_index
2026-07-27,000905,7512.4,7720.6,7721.4,7466.54,174192553.0,405637050400.0,2.49445749863928,akshare:tencent_index
2026-07-28,000905,7589.76,7443.43,7646.02,7412.63,161832458.0,389809155100.0,-3.590005958086162,akshare:tencent_index
2026-07-29,000905,7444.8,7524.51,7572.81,7325.36,206604121.0,451332728700.0,1.0892827634571667,akshare:tencent_index
2026-07-30,000905,7477.31,7309.58,7536.49,7221.95,208735757.0,459995793600.0,-2.8563986226345706,akshare:tencent_index
2026-07-31,000905,7537.85,7493.99,7638.78,7487.43,216635960.0,513956392600.0,2.522853570246175,akshare:tencent_index
2026-08-03,000905,7457.12,7414.52,7499.58,7397.94,198312346.0,409591536900.0,-1.0604497737520258,akshare:tencent_index
2026-08-04,000905,7467.08,7607.49,7645.48,7450.32,203534896.0,443792059000.0,2.602595987332945,akshare:tencent_index
2026-08-05,000905,7567.96,7809.21,7845.39,7567.96,222031817.0,526922799400.0,2.6515973073904853,akshare:tencent_index
2026-08-06,000905,7737.59,7829.36,7868.85,7722.57,215468108.0,494375379400.0,0.25802866102973,akshare:tencent_index
2026-08-07,000905,7828.79,7980.12,7983.17,7763.53,206575632.0,525281484400.0,1.9255724605842683,akshare:tencent_index
2026-08-10,000905,8003.92,8030.95,8031.16,7910.84,200579907.0,490434040500.0,0.6369578402329878,akshare:tencent_index
2026-08-11,000905,7979.28,7967.54,8078.36,7947.67,195083693.0,452799545700.0,-0.7895703497095563,akshare:tencent_index
2026-08-12,000905,7978.04,8045.31,8067.53,7961.83,180742697.0,408869420400.0,0.9760854667814733,akshare:tencent_index
2026-08-13,000905,8096.85,7968.38,8142.33,7966.87,223203298.0,497028095300.0,-0.9562092697484648,akshare:tencent_index
2026-08-14,000905,7989.65,7990.33,8005.15,7897.24,183327915.0,408994310800.0,0.2754637705531193,akshare:tencent_index
2026-08-17,000905,8007.87,8184.64,8184.64,7992.36,175730619.0,448608373100.0,2.431814455723358,akshare:tencent_index
2026-08-18,000905,8178.84,8177.18,8211.31,8069.82,181523209.0,458687600300.0,-0.09114634241701447,akshare:tencent_index
2026-08-19,000905,8029.52,7783.46,8050.08,7762.29,190963318.0,478344926700.0,-4.8148628255706765,akshare:tencent_index
2026-08-20,000905,7864.68,7850.4,7923.91,7796.28,161390106.0,393484559799.99994,0.8600288303659331,akshare:tencent_index
2026-08-21,000905,7812.26,7854.33,7877.34,7756.28,147075635.0,358945347800.0,0.05006114338124146,akshare:tencent_index
2026-08-24,000905,7861.05,7717.09,7865.54,7615.45,155822275.0,367553812100.0,-1.7473164483794212,akshare:tencent_index
2026-08-25,000905,7644.2,7710.94,7755.72,7572.86,147594598.0,326274017600.0,-0.07969325224923551,akshare:tencent_index
2026-08-26,000905,7714.84,7770.53,7833.6,7699.42,166303916.0,325261411000.0,0.7727981283734531,akshare:tencent_index
2026-08-27,000905,7786.69,7946.33,7951.05,7763.98,179536969.0,387455613100.0,2.262393942240748,akshare:tencent_index
2026-08-28,000905,7939.45,7895.45,7986.43,7892.51,171070479.0,376303977299.99994,-0.6402955829924006,akshare:tencent_index
2026-08-31,000905,7797.23,7952.1,7953.93,7764.98,186883586.0,391352886300.0,0.7175018523326804,akshare:tencent_index
2026-09-01,000905,7944.29,7858.52,7955.57,7852.87,189657726.0,368593730500.0,-1.1767960664478605,akshare:tencent_index
2026-09-02,000905,7781.29,7729.23,7783.05,7692.15,164471755.0,307339998300.0,-1.6452207285850395,akshare:tencent_index
2026-09-03,000905,7776.82,7755.36,7799.63,7686.44,151520569.0,299426299900.0,0.3380673107153065,akshare:tencent_index
2026-09-04,000905,7806.61,7652.69,7850.4,7610.58,182451694.0,356490199500.0,-1.323858595861449,akshare:tencent_index
2026-09-07,000905,7687.47,7759.37,7791.79,7672.99,154402215.0,343654729099.99994,1.3940196192449905,akshare:tencent_index
2026-09-08,000905,7773.28,7770.73,7830.16,7736.44,166486202.0,338822097200.0,0.14640363843971826,akshare:tencent_index
2026-09-09,000905,7793.04,7768.11,7816.66,7723.82,165319999.0,323341914300.0,-0.03371626603935196,akshare:tencent_index
2026-09-10,000905,7731.63,7717.8,7766.35,7696.55,150462216.0,281695602000.0,-0.6476478834619992,akshare:tencent_index
2026-09-11,000905,7638.63,7580.54,7638.63,7451.12,187044436.0,353854761599.99994,-1.7784860970742944,akshare:tencent_index
2026-09-14,000905,7511.04,7571.2,7610.03,7487.46,134007703.0,274515450300.0,-0.12321021985240987,akshare:tencent_index
2026-09-15,000905,7550.68,7561.59,7641.54,7543.95,124821365.0,269719736300.0,-0.12692836010143038,akshare:tencent_index
2026-09-16,000905,7556.9,7683.47,7696.47,7523.82,139667422.0,329534397500.0,1.6118303161107628,akshare:tencent_index
2026-09-17,000905,7651.46,7654.98,7738.03,7622.55,133611162.0,319425716000.0,-0.3707960075330585,akshare:tencent_index
2026-09-18,000905,7731.07,7799.61,7819.98,7710.24,145325114.0,370457574300.0,1.8893583000870073,akshare:tencent_index
2026-09-21,000905,7829.82,7850.48,7869.35,7809.59,153847526.0,348295681500.0,0.652212097784366,akshare:tencent_index
2026-09-22,000905,7911.64,7828.94,7922.62,7808.98,156504559.0,365221279000.0,-0.2743781271973167,akshare:tencent_index
2026-09-23,000905,7839.94,7791.82,7839.94,7781.31,129415394.0,273595881000.0,-0.4741382613738243,akshare:tencent_index
2026-09-24,000905,7763.73,7624.07,7774.22,7624.07,125603953.0,269922500700.0,-2.15289880926407,akshare:tencent_index
2026-09-28,000905,7599.2,7402.3,7601.09,7364.43,132637995.0,289039564900.0,-2.9088137963056426,akshare:tencent_index
2026-09-29,000905,7388.11,7439.63,7473.7,7386.14,117433822.0,243769369899.99997,0.5043027167231706,akshare:tencent_index
2026-09-30,000905,7469.05,7435.16,7485.11,7417.49,116124057.0,238617529200.00003,-0.060083633191443386,akshare:tencent_index
2025-12-01,000985,5748.89,5787.18,5787.46,5743.64,1188228454.0,1836092215800.0002,,akshare:tencent_index
2025-12-02,000985,5777.49,5750.4,5777.49,5736.51,1056456042.0,1556612122200.0,-0.6355426995531599,akshare:tencent_index
2025-12-03,000985,5751.31,5710.58,5765.31,5696.77,1132571477.0,1624524004500.0,-0.6924735670561954,akshare:tencent_index
2025-12-04,000985,5711.51,5711.8,5733.62,5673.46,1037186542.0,1510746629900.0,0.021363854459610643,akshare:tencent_index
2025-12-05,000985,5710.56,5776.83,5781.23,5687.15,1130172879.0,1672557853100.0,1.1385202563114927,akshare:tencent_index
2025-12-08,000985,5791.17,5835.55,5855.12,5791.17,1233935808.0,1990964844800.0,1.016474433209913,akshare:tencent_index
2025-12-09,000985,5820.52,5802.85,5842.53,5791.24,1163257117.0,1858291146399.9998,-0.5603584923443372,akshare:tencent_index
2025-12-10,000985,5790.77,5809.35,5818.62,5756.59,1126112388.0,1725186127800.0,0.11201392419242229,akshare:tencent_index
2025-12-11,000985,5817.85,5745.07,5820.98,5742.91,1185704203.0,1807048305000.0,-1.106492120460989,akshare:tencent_index
2025-12-12,000985,5748.69,5787.86,5797.41,5730.77,1235977538.0,2046888293700.0,0.7448125088119095,akshare:tencent_index
2025-12-15,000985,5752.4,5751.55,5802.73,5750.35,1110231757.0,1752844887300.0,-0.6273475861544586,akshare:tencent_index
2025-12-16,000985,5741.37,5668.2,5743.78,5646.04,1156609704.0,1706538696800.0,-1.4491745703332226,akshare:tencent_index
2025-12-17,000985,5667.5,5756.23,5769.02,5653.6,1146335242.0,1786069447000.0,1.5530503510814642,akshare:tencent_index
2025-12-18,000985,5723.24,5733.55,5771.85,5721.75,1032158958.0,1635361068800.0,-0.39400788363216366,akshare:tencent_index
2025-12-19,000985,5747.6,5777.54,5793.83,5740.64,1151984318.0,1703532235000.0,0.7672384473842442,akshare:tencent_index
2025-12-22,000985,5801.51,5835.54,5844.7,5801.51,1154747411.0,1841224298600.0002,1.0038874676765452,akshare:tencent_index
2025-12-23,000985,5837.94,5831.47,5863.45,5812.98,1175422898.0,1875240612400.0,-0.06974504501725542,akshare:tencent_index
2025-12-24,000985,5831.55,5883.66,5889.03,5823.36,1092504187.0,1850466308500.0,0.894971593783378,akshare:tencent_index
2025-12-25,000985,5879.86,5918.57,5927.77,5873.92,1109099151.0,1902149520900.0,0.5933381602607923,akshare:tencent_index
2025-12-26,000985,5919.28,5938.29,5962.55,5901.67,1272628317.0,2135678751200.0,0.3331885911630694,akshare:tencent_index
2025-12-29,000985,5939.58,5921.12,5956.16,5906.28,1255642224.0,2116863283600.0002,-0.28914047646713126,akshare:tencent_index
2025-12-30,000985,5892.2,5928.96,5952.74,5891.75,1218220642.0,2113064939199.9998,0.13240738238711192,akshare:tencent_index
2025-12-31,000985,5937.82,5919.12,5940.05,5904.61,1182424346.0,2018170193500.0,-0.16596502590673357,akshare:tencent_index
2026-01-05,000985,5955.76,6035.98,6035.98,5955.76,1403929953.0,2514913903900.0,1.974279960534675,akshare:tencent_index
2026-01-06,000985,6040.17,6131.69,6131.69,6039.95,1611208940.0,2780300748500.0,1.5856580041683443,akshare:tencent_index
2026-01-07,000985,6140.61,6142.57,6167.26,6111.37,1573310954.0,2823630709800.0,0.17743884638656837,akshare:tencent_index
2026-01-08,000985,6124.98,6145.54,6164.19,6115.15,1561497972.0,2768192759500.0,0.04835109734200316,akshare:tencent_index
2026-01-09,000985,6140.35,6217.68,6220.46,6140.35,1716232795.0,3094137399200.0,1.173859416747769,akshare:tencent_index
2026-01-12,000985,6252.44,6325.64,6333.03,6227.18,1962291309.0,3577544182200.0005,1.736338956009309,akshare:tencent_index
2026-01-13,000985,6339.16,6251.44,6339.23,6231.2,2039220065.0,3632767456600.0005,-1.1730038383467978,akshare:tencent_index
2026-01-14,000985,6255.98,6270.41,6371.55,6213.18,2237951313.0,3920455200899.9995,0.3034500851003985,akshare:tencent_index
2026-01-15,000985,6231.5,6259.82,6284.05,6214.07,1627702323.0,2882173583000.0,-0.1688884777869437,akshare:tencent_index
2026-01-16,000985,6285.05,6246.92,6306.03,6235.71,1644756269.0,2998226547300.0,-0.20607621305404056,akshare:tencent_index
2026-01-19,000985,6227.3,6272.45,6292.94,6227.07,1495743468.0,2679291986200.0,0.40868139819303373,akshare:tencent_index
2026-01-20,000985,6277.54,6235.57,6292.45,6185.38,1590754385.0,2749204017900.0,-0.5879680188761949,akshare:tencent_index
2026-01-21,000985,6212.96,6270.26,6293.74,6212.96,1437210715.0,2572979199600.0,0.556324441871392,akshare:tencent_index
2026-01-22,000985,6289.69,6298.06,6308.24,6266.42,1509534339.0,2667780132900.0,0.44336279516319355,akshare:tencent_index
2026-01-23,000985,6312.49,6356.82,6361.96,6308.82,1739700671.0,3067266415200.0,0.932985713060841,akshare:tencent_index
2026-01-26,000985,6377.55,6314.82,6391.28,6294.68,1882125577.0,3225735898100.0,-0.660707712346742,akshare:tencent_index
2026-01-27,000985,6297.0,6323.78,6348.01,6227.9,1637572622.0,2869733681800.0,0.14188844654321464,akshare:tencent_index
2026-01-28,000985,6338.22,6331.49,6355.98,6301.94,1678589693.0,2938143987000.0,0.12192074993120361,akshare:tencent_index
2026-01-29,000985,6330.6,6319.77,6352.77,6300.78,1872711355.0,3200788987000.0,-0.18510650731501377,akshare:tencent_index
2026-01-30,000985,6272.92,6259.18,6302.48,6153.36,1678482287.0,2805772801100.0,-0.9587374224061973,akshare:tencent_index
2026-02-02,000985,6205.84,6088.28,6244.23,6086.53,1516257931.0,2557556890600.0,-2.7303896037500164,akshare:tencent_index
2026-02-03,000985,6149.25,6217.13,6218.25,6093.59,1395121896.0,2513434908100.0,2.1163612711636137,akshare:tencent_index
2026-02-04,000985,6202.45,6245.44,6250.08,6174.08,1465472640.0,2459290850300.0,0.45535480197453904,akshare:tencent_index
2026-02-05,000985,6190.56,6176.13,6214.73,6143.44,1297917525.0,2152491252600.0,-1.1097696879643348,akshare:tencent_index
2026-02-06,000985,6115.08,6161.61,6218.09,6092.7,1263385587.0,2124059927000.0,-0.2350986782985509,akshare:tencent_index
2026-02-09,000985,6241.44,6279.14,6279.76,6225.5,1278459467.0,2230339157900.0,1.9074560058166767,akshare:tencent_index
2026-02-10,000985,6282.4,6283.26,6296.57,6259.53,1231659007.0,2078908681100.0002,0.06561408090917098,akshare:tencent_index
2026-02-11,000985,6273.74,6272.72,6298.35,6272.21,1154950566.0,1959347522900.0,-0.16774731588379277,akshare:tencent_index
2026-02-12,000985,6281.02,6299.9,6309.49,6267.16,1201609826.0,2117231856600.0,0.4333048502085157,akshare:tencent_index
2026-02-13,000985,6267.77,6227.54,6297.89,6223.87,1117860733.0,1961641189700.0,-1.1485896601533319,akshare:tencent_index
2026-02-24,000985,6309.56,6295.28,6323.16,6263.65,1257437807.0,2178025933600.0002,1.0877489345712643,akshare:tencent_index
2026-02-25,000985,6306.21,6360.54,6377.67,6303.44,1493520260.0,2434384083000.0,1.036649680395474,akshare:tencent_index
2026-02-26,000985,6370.05,6373.71,6381.98,6339.76,1417538778.0,2508934896700.0,0.2070578913111243,akshare:tencent_index
2026-02-27,000985,6334.8,6398.46,6400.41,6333.83,1436056154.0,2458787824100.0,0.38831387057145506,akshare:tencent_index
2026-03-02,000985,6340.93,6375.69,6395.35,6304.96,1767146241.0,2988901871800.0,-0.3558668804681142,akshare:tencent_index
2026-03-03,000985,6385.54,6188.09,6392.59,6180.72,1863856045.0,3100307177900.0,-2.9424266236281804,akshare:tencent_index
2026-03-04,000985,6114.2,6143.19,6211.88,6111.12,1484166290.0,2344890009600.0,-0.7255873783348465,akshare:tencent_index
2026-03-05,000985,6229.56,6208.81,6245.03,6178.01,1427680367.0,2365130872100.0,1.0681746779767742,akshare:tencent_index
2026-03-06,000985,6176.09,6252.38,6261.73,6174.6,1351292540.0,2174380931699.9998,0.7017447787901254,akshare:tencent_index
2026-03-09,000985,6165.2,6199.43,6215.62,6075.09,1608089447.0,2619883004500.0,-0.8468775090445524,akshare:tencent_index
2026-03-10,000985,6244.88,6296.2,6297.46,6244.88,1388522190.0,2369903404400.0,1.5609499583026043,akshare:tencent_index
2026-03-11,000985,6303.95,6313.02,6329.18,6292.77,1455189079.0,2478243274000.0,0.26714526222166857,akshare:tencent_index
2026-03-12,000985,6307.72,6279.68,6318.73,6234.78,1529419300.0,2410625365300.0,-0.5281149117221218,akshare:tencent_index
2026-03-13,000985,6252.94,6220.66,6296.54,6206.81,1541231108.0,2369663324700.0,-0.9398568079902248,akshare:tencent_index
2026-03-16,000985,6217.61,6217.07,6223.51,6139.72,1461897840.0,2296546777300.0,-0.05771091813409068,akshare:tencent_index
2026-03-17,000985,6230.68,6120.17,6247.32,6120.17,1403917973.0,2172271421500.0,-1.5586120149845395,akshare:tencent_index
2026-03-18,000985,6137.96,6169.42,6174.02,6081.43,1264157071.0,2008726056000.0,0.8047162088634874,akshare:tencent_index
2026-03-19,000985,6097.06,6039.18,6113.69,6018.32,1321645760.0,2080305920800.0002,-2.1110574413802263,akshare:tencent_index
2026-03-20,000985,6064.62,5965.89,6089.15,5963.47,1370734340.0,2253738645800.0,-1.213575352945262,akshare:tencent_index
2026-03-23,000985,5863.88,5723.41,5905.92,5692.47,1622825828.0,2397339386600.0,-4.0644396728736325,akshare:tencent_index
2026-03-24,000985,5802.47,5843.73,5843.73,5696.41,1380131513.0,2049422012200.0,2.102243243101576,akshare:tencent_index
2026-03-25,000985,5883.92,5948.6,5956.61,5883.92,1382428512.0,2144649288200.0,1.794572986773879,akshare:tencent_index
2026-03-26,000985,5936.31,5861.89,5959.14,5846.92,1258548686.0,1913999570200.0,-1.4576539017583934,akshare:tencent_index
2026-03-27,000985,5790.59,5922.21,5946.77,5789.53,1162199823.0,1825325513200.0,1.0290196506587357,akshare:tencent_index
2026-03-30,000985,5863.12,5925.21,5927.86,5837.15,1221686111.0,1886988318000.0,0.050656764957679457,akshare:tencent_index
2026-03-31,000985,5918.29,5842.34,5958.25,5842.34,1238264867.0,1957289873800.0,-1.398600218388879,akshare:tencent_index
2026-04-01,000985,5941.58,5946.58,5957.21,5903.47,1189149204.0,1977335950900.0,1.784216598143895,akshare:tencent_index
2026-04-02,000985,5928.52,5860.44,5940.34,5830.85,1155096726.0,1816481199300.0,-1.4485637122514161,akshare:tencent_index
2026-04-03,000985,5880.23,5791.49,5883.39,5784.41,1055425552.0,1631342915600.0,-1.1765328200612934,akshare:tencent_index
2026-04-07,000985,5802.84,5822.75,5844.57,5789.81,993221648.0,1590961669800.0,0.539757471738711,akshare:tencent_index
2026-04-08,000985,5933.53,6059.75,6059.75,5933.18,1365846864.0,2400179281500.0,4.070241724271173,akshare:tencent_index
2026-04-09,000985,6010.24,6020.05,6043.82,5998.63,1170953634.0,2105193328500.0,-0.655142538883613,akshare:tencent_index
2026-04-10,000985,6060.57,6090.06,6127.27,6056.94,1189935660.0,2290352271900.0,1.1629471516017453,akshare:tencent_index
2026-04-13,000985,6057.94,6103.84,6112.27,6057.94,1140279661.0,2112297426200.0,0.22627034873219376,akshare:tencent_index
2026-04-14,000985,6146.42,6181.43,6181.43,6116.9,1220367221.0,2342024419400.0,1.2711670030669309,akshare:tencent_index
2026-04-15,000985,6213.95,6153.96,6215.43,6137.44,1234658036.0,2369484897300.0,-0.4443955524854326,akshare:tencent_index
2026-04-16,000985,6165.48,6239.49,6243.18,6158.29,1201044399.0,2291469846000.0,1.3898367880194273,akshare:tencent_index
2026-04-17,000985,6227.7,6254.11,6266.9,6217.64,1218877349.0,2385938057100.0,0.2343140224601692,akshare:tencent_index
2026-04-20,000985,6254.85,6300.21,6305.72,6250.48,1289356790.0,2543454348200.0,0.7371152729964914,akshare:tencent_index
2026-04-21,000985,6285.13,6297.91,6303.15,6240.67,1248207694.0,2354743827400.0,-0.036506719617290795,akshare:tencent_index
2026-04-22,000985,6271.82,6357.1,6358.21,6271.82,1254416818.0,2515865444400.0,0.9398355962533689,akshare:tencent_index
2026-04-23,000985,6368.92,6303.1,6373.87,6263.86,1403679980.0,2758057743100.0,-0.8494439288354805,akshare:tencent_index
2026-04-24,000985,6275.39,6271.17,6302.19,6229.6,1286802985.0,2585119796100.0,-0.5065761292062709,akshare:tencent_index
2026-04-27,000985,6269.84,6296.45,6311.25,6248.68,1269833095.0,2535347850700.0,0.40311457032737863,akshare:tencent_index
2026-04-28,000985,6275.96,6246.71,6286.64,6224.21,1293721085.0,2483080253100.0,-0.7899689507579688,akshare:tencent_index
2026-04-29,000985,6212.28,6328.36,6337.98,6212.03,1324764554.0,2540417490700.0,1.3070880511501182,akshare:tencent_index
2026-04-30,000985,6335.2,6342.26,6355.88,6320.11,1363772243.0,2682609066400.0,0.21964616425109718,akshare:tencent_index
2026-05-06,000985,6404.75,6465.6,6485.9,6400.53,1495257072.0,3157892578800.0,1.9447326347390437,akshare:tencent_index
2026-05-07,000985,6489.86,6533.33,6534.08,6470.99,1499395479.0,3079838640100.0,1.0475439247710883,akshare:tencent_index
2026-05-08,000985,6495.25,6532.34,6540.53,6487.61,1490201894.0,2977283117300.0,-0.01515306895564228,akshare:tencent_index
2026-05-11,000985,6579.67,6633.48,6639.64,6555.57,1605855945.0,3440198972900.0,1.5482966287731381,akshare:tencent_index
2026-05-12,000985,6645.78,6605.72,6645.78,6568.94,1499297651.0,3155368828900.0,-0.4184832094164648,akshare:tencent_index
2026-05-13,000985,6567.45,6686.87,6689.74,6567.45,1461397934.0,3151555675200.0,1.228480771210405,akshare:tencent_index
2026-05-14,000985,6718.19,6552.95,6720.94,6552.95,1571633049.0,3279447579200.0,-2.002730724539281,akshare:tencent_index
2026-05-15,000985,6552.69,6481.34,6592.21,6438.14,1518695989.0,3253683787200.0005,-1.0927902700310521,akshare:tencent_index
2026-05-18,000985,6452.12,6477.21,6515.59,6433.24,1306163384.0,2800033617700.0,-0.06372139094693585,akshare:tencent_index
2026-05-19,000985,6458.97,6526.03,6527.58,6399.27,1293560621.0,2805177962500.0,0.7537195798808405,akshare:tencent_index
2026-05-20,000985,6494.77,6525.06,6538.06,6472.83,1278394662.0,2860757709800.0,-0.014863554105626342,akshare:tencent_index
2026-05-21,000985,6563.16,6368.44,6616.34,6361.93,1537478851.0,3382700281900.0,-2.4002844418289038,akshare:tencent_index
2026-05-22,000985,6414.04,6479.37,6490.86,6374.65,1300356273.0,2813988515100.0,1.7418708506321767,akshare:tencent_index
2026-05-25,000985,6517.05,6559.84,6560.92,6469.26,1342075094.0,3113859794500.0,1.241941731989371,akshare:tencent_index
2026-05-26,000985,6529.66,6532.44,6539.05,6449.87,1414833784.0,3152407047799.9995,-0.41769311446621105,akshare:tencent_index
2026-05-27,000985,6524.49,6443.84,6559.4,6413.99,1410706253.0,3145077943900.0,-1.3563079033255487,akshare:tencent_index
2026-05-28,000985,6422.45,6480.47,6492.47,6372.65,1311825096.0,2887989797100.0,0.568449868401455,akshare:tencent_index
2026-05-29,000985,6504.87,6368.84,6508.57,6339.5,1521823049.0,3235372333500.0,-1.722560246401883,akshare:tencent_index
2026-06-01,000985,6367.45,6321.11,6427.12,6311.67,1380079580.0,2802634212300.0,-0.749430037495058,akshare:tencent_index
2026-06-02,000985,6335.34,6368.51,6398.35,6247.33,1327071363.0,2724226037700.0,0.7498682984475868,akshare:tencent_index
2026-06-03,000985,6371.13,6395.88,6465.71,6343.86,1397085081.0,3048133036200.0,0.4297708569194425,akshare:tencent_index
2026-06-04,000985,6336.62,6368.34,6396.87,6333.92,1285169481.0,2686751721300.0,-0.43058969211430265,akshare:tencent_index
2026-06-05,000985,6344.24,6292.19,6407.41,6267.27,1428960568.0,3000856018000.0,-1.1957590204040747,akshare:tencent_index
2026-06-08,000985,6113.17,6119.24,6232.53,6061.39,1397132253.0,2738476007600.0,-2.748645543125683,akshare:tencent_index
2026-06-09,000985,6176.86,6254.74,6255.62,6125.51,1251124002.0,2582901416800.0,2.214327269399474,akshare:tencent_index
2026-06-10,000985,6192.5,6173.63,6229.86,6116.98,1260343551.0,2559026006500.0,-1.2967765246836738,akshare:tencent_index
2026-06-11,000985,6143.36,6140.75,6190.14,6091.08,1191900059.0,2493420710800.0,-0.5325877968067383,akshare:tencent_index
2026-06-12,000985,6231.57,6196.26,6272.49,6182.65,1483571843.0,3136190169700.0005,0.9039612425192356,akshare:tencent_index
2026-06-15,000985,6254.44,6380.16,6380.65,6246.26,1399464054.0,2988046660299.9995,2.967919357806159,akshare:tencent_index
2026-06-16,000985,6387.65,6421.24,6444.64,6368.89,1327342396.0,3014820591500.0,0.6438710001003045,akshare:tencent_index
2026-06-17,000985,6383.6,6477.07,6479.2,6383.56,1313683477.0,3038154721200.0,0.869458235480991,akshare:tencent_index
2026-06-18,000985,6453.66,6499.33,6526.32,6453.35,1380767454.0,3254923912300.0,0.343673914285314,akshare:tencent_index
2026-06-22,000985,6518.73,6624.01,6625.35,6444.78,1574214975.0,3680759821300.0,1.9183515839324983,akshare:tencent_index
2026-06-23,000985,6605.34,6483.57,6626.39,6445.33,1476614089.0,3392445051000.0,-2.1201658813921,akshare:tencent_index
2026-06-24,000985,6453.7,6531.25,6536.92,6432.87,1391459779.0,3225742626800.0,0.735397319686526,akshare:tencent_index
2026-06-25,000985,6538.69,6586.23,6591.08,6519.12,1457211179.0,3533267105800.0,0.8417990430621858,akshare:tencent_index
2026-06-26,000985,6541.97,6401.01,6541.97,6373.13,1450438872.0,3481986771000.0,-2.812230972802332,akshare:tencent_index
2026-06-29,000985,6404.3,6443.3,6445.64,6310.39,1423844236.0,3452724551900.0,0.6606769869130114,akshare:tencent_index
2026-06-30,000985,6429.16,6551.62,6558.04,6424.59,1300395371.0,3207382923800.0,1.6811261310198056,akshare:tencent_index
2026-07-01,000985,6553.0,6563.16,6622.22,6517.55,1501234776.0,3587114494800.0,0.17613964179852282,akshare:tencent_index
2026-07-02,000985,6437.21,6376.36,6517.42,6359.07,1462989352.0,3368859994100.0005,-2.8461899450874295,akshare:tencent_index
2026-07-03,000985,6377.0,6404.4,6473.64,6358.77,1337856320.0,3119008304800.0,0.4397493240657635,akshare:tencent_index
2026-07-06,000985,6436.27,6350.89,6450.18,6300.07,1298069835.0,3019707852799.9995,-0.8355193304602992,akshare:tencent_index
2026-07-07,000985,6317.01,6246.03,6350.87,6209.88,1134990758.0,2518713551200.0,-1.651107167656829,akshare:tencent_index
2026-07-08,000985,6259.91,6157.07,6267.94,6148.01,1099428872.0,2505175751900.0,-1.4242646929329528,akshare:tencent_index
2026-07-09,000985,6182.77,6304.43,6311.8,6086.1,1207602537.0,2835234609300.0,2.3933461857669425,akshare:tencent_index
2026-07-10,000985,6315.7,6215.11,6376.71,6215.11,1402993212.0,3303081349100.0005,-1.4167815329855449,akshare:tencent_index
2026-07-13,000985,6162.54,6001.65,6190.17,5976.21,1270613463.0,2749648243800.0,-3.4345329366656463,akshare:tencent_index
2026-07-14,000985,5999.02,6119.19,6119.19,5913.58,1203691448.0,2646241081500.0,1.9584614231086483,akshare:tencent_index
2026-07-15,000985,6128.6,6075.66,6157.85,6060.16,1215945737.0,2518690994700.0,-0.7113686615385362,akshare:tencent_index
2026-07-16,000985,5984.53,5956.5,6071.94,5925.13,1151014655.0,2356578399500.0,-1.9612684054078011,akshare:tencent_index
2026-07-17,000985,5917.18,5671.75,5920.71,5636.84,1359555959.0,2602175889500.0,-4.780491899605477,akshare:tencent_index
2026-07-20,000985,5731.22,5638.62,5772.21,5539.04,1429876074.0,2650229559300.0,-0.5841230660730834,akshare:tencent_index
2026-07-21,000985,5663.88,5833.73,5834.17,5510.4,1515418775.0,2901920156500.0,3.460243818522968,akshare:tencent_index
2026-07-22,000985,5792.45,5790.76,5871.84,5757.75,1254789794.0,2602930506500.0,-0.7365784840916434,akshare:tencent_index
2026-07-23,000985,5802.57,5816.08,5831.51,5761.14,1149343126.0,2155901446900.0,0.4372483059218446,akshare:tencent_index
2026-07-24,000985,5752.49,5687.26,5788.27,5684.98,1039757787.0,1893827581200.0,-2.2148938804142926,akshare:tencent_index
2026-07-27,000985,5684.33,5807.8,5807.8,5652.95,1009943625.0,1896597587400.0,2.119474052531456,akshare:tencent_index
2026-07-28,000985,5719.99,5648.71,5761.89,5626.48,1018074651.0,1936396661200.0,-2.7392472192568684,akshare:tencent_index
2026-07-29,000985,5655.32,5692.34,5723.8,5572.4,1195083096.0,2208344025900.0,0.772388740084029,akshare:tencent_index
2026-07-30,000985,5655.19,5581.37,5694.69,5518.63,1228374390.0,2255335066000.0,-1.9494619084594378,akshare:tencent_index
2026-07-31,000985,5698.09,5681.24,5754.53,5681.18,1266833381.0,2448555034300.0,1.7893456266113938,akshare:tencent_index
2026-08-03,000985,5656.91,5652.57,5684.18,5632.6,1099283511.0,1934680148200.0,-0.50464335250755,akshare:tencent_index
2026-08-04,000985,5687.9,5766.33,5782.94,5673.47,1156673232.0,2137491981699.9998,2.012535890754119,akshare:tencent_index
2026-08-05,000985,5725.56,5881.85,5903.58,5725.56,1270014894.0,2572905990000.0,2.0033539530342592,akshare:tencent_index
2026-08-06,000985,5839.17,5896.36,5917.14,5833.12,1252521916.0,2449057702000.0,0.24669109208836915,akshare:tencent_index
2026-08-07,000985,5900.24,5978.3,5985.86,5860.03,1234568404.0,2584121067000.0,1.3896709156157483,akshare:tencent_index
2026-08-10,000985,5993.26,6009.53,6010.26,5938.01,1177577737.0,2447051479400.0,0.5223893079972397,akshare:tencent_index
2026-08-11,000985,5983.03,5966.59,6031.11,5957.76,1122092230.0,2250454136600.0,-0.7145317520671268,akshare:tencent_index
2026-08-12,000985,5967.89,6024.05,6031.27,5963.77,1079701471.0,2078758991100.0002,0.9630291338939001,akshare:tencent_index
2026-08-13,000985,6058.75,5973.27,6073.73,5971.94,1257423809.0,2472177033900.0,-0.8429544907495701,akshare:tencent_index
2026-08-14,000985,5988.22,5991.02,5996.26,5932.34,1098248181.0,2079776591800.0,0.2971571685190799,akshare:tencent_index
2026-08-17,000985,6003.57,6112.7,6112.79,5987.7,1086118457.0,2302823869100.0,2.0310397895516807,akshare:tencent_index
2026-08-18,000985,6108.25,6097.5,6124.01,6034.54,1139643353.0,2317569248000.0,-0.24866262044594967,akshare:tencent_index
2026-08-19,000985,6001.35,5846.42,6007.87,5824.51,1219817868.0,2406382697400.0,-4.117753177531769,akshare:tencent_index
2026-08-20,000985,5895.29,5882.46,5926.78,5847.52,1061899528.0,2009416122700.0,0.616445619712569,akshare:tencent_index
2026-08-21,000985,5861.79,5902.11,5915.05,5827.3,948767587.0,1818334872500.0,0.33404392040063957,akshare:tencent_index
2026-08-24,000985,5906.86,5818.51,5908.51,5755.08,1008237442.0,1945441259199.9998,-1.416442594258649,akshare:tencent_index
2026-08-25,000985,5777.7,5832.92,5855.14,5743.07,1002515609.0,1773716948700.0,0.24765790554626133,akshare:tencent_index
2026-08-26,000985,5834.28,5867.44,5899.54,5820.68,1022081406.0,1750798139800.0,0.5918133627754063,akshare:tencent_index
2026-08-27,000985,5872.25,5958.93,5959.76,5861.0,1086794354.0,2059474076900.0,1.559283094501196,akshare:tencent_index
2026-08-28,000985,5948.73,5935.03,5988.02,5934.03,1093240934.0,2036946406600.0,-0.40107871715224785,akshare:tencent_index
2026-08-31,000985,5868.3,5969.33,5969.33,5866.94,1188023051.0,2064024598400.0,0.5779246271712113,akshare:tencent_index
2026-09-01,000985,5965.49,5939.14,5976.3,5925.89,1216099269.0,1980796242100.0,-0.5057519018047185,akshare:tencent_index
2026-09-02,000985,5892.02,5860.85,5893.18,5834.49,1090649672.0,1748912356900.0,-1.3182043191438453,akshare:tencent_index
2026-09-03,000985,5892.56,5867.18,5907.03,5833.87,1042345380.0,1714589542300.0,0.10800481158876885,akshare:tencent_index
2026-09-04,000985,5900.7,5830.14,5935.85,5801.78,1176500356.0,1982985879000.0,-0.6313083968789046,akshare:tencent_index
2026-09-07,000985,5855.95,5893.09,5906.56,5842.01,1024920731.0,1884204474000.0,1.0797339343480594,akshare:tencent_index
2026-09-08,000985,5898.79,5894.74,5928.77,5872.03,1131498740.0,1905933609600.0,0.02799889361946306,akshare:tencent_index
2026-09-09,000985,5912.52,5899.03,5917.24,5865.55,1080651122.0,1804590905100.0,0.07277674672674372,akshare:tencent_index
2026-09-10,000985,5869.76,5851.83,5886.27,5843.62,1003639740.0,1598296595900.0,-0.8001315470509529,akshare:tencent_index
2026-09-11,000985,5798.48,5769.02,5798.48,5689.66,1166630286.0,1908357533100.0,-1.4151128792189716,akshare:tencent_index
2026-09-14,000985,5724.53,5761.88,5789.98,5715.63,924129506.0,1574569632700.0,-0.12376452153052275,akshare:tencent_index
2026-09-15,000985,5751.89,5723.69,5789.48,5716.5,925759460.0,1556380026900.0,-0.6628045013086115,akshare:tencent_index
2026-09-16,000985,5721.21,5797.55,5803.21,5695.73,952100268.0,1778008094800.0,1.2904262809481315,akshare:tencent_index
2026-09-17,000985,5775.98,5778.35,5823.74,5758.86,969483223.0,1755224227500.0,-0.33117437538270345,akshare:tencent_index
2026-09-18,000985,5825.75,5862.03,5876.83,5815.79,1037566753.0,1988310660700.0,1.4481642683464857,akshare:tencent_index
2026-09-21,000985,5884.97,5921.92,5922.82,5884.97,1087684327.0,1950080245200.0,1.021659732208824,akshare:tencent_index
2026-09-22,000985,5961.28,5923.5,5973.79,5908.87,1107197075.0,2055062294199.9998,0.026680536042356096,akshare:tencent_index
2026-09-23,000985,5927.03,5897.66,5927.03,5892.4,1008677092.0,1701401216900.0,-0.43622858107538187,akshare:tencent_index
2026-09-24,000985,5874.79,5788.14,5879.26,5788.14,929164392.0,1595766003700.0,-1.8570076945771619,akshare:tencent_index
2026-09-28,000985,5771.28,5630.2,5771.78,5603.81,952975991.0,1642460599300.0,-2.7286831348239726,akshare:tencent_index
2026-09-29,000985,5617.52,5650.25,5672.28,5615.38,848274424.0,1355645406500.0,0.3561152356932329,akshare:tencent_index
2026-09-30,000985,5671.11,5648.25,5676.44,5636.79,872921924.0,1381583055900.0,-0.035396663864428746,akshare:tencent_index
2025-12-01,399006,3060.56,3092.5,3093.96,3037.69,210082058.0,518300906300.0,,akshare:tencent_index
2025-12-02,399006,3091.37,3071.15,3094.18,3056.36,192465241.0,447296232200.0,-0.6903799514955455,akshare:tencent_index
2025-12-03,399006,3078.86,3036.79,3105.3,3028.7,195851910.0,466296756300.0,-1.118799146899374,akshare:tencent_index
2025-12-04,399006,3037.05,3067.48,3075.46,3016.58,175615636.0,411728074700.0,1.010606594463237,akshare:tencent_index
2025-12-05,399006,3084.22,3109.3,3115.81,3048.94,188484887.0,471739553200.0,1.3633340722677856,akshare:tencent_index
2025-12-08,399006,3119.15,3190.27,3214.48,3119.15,211907775.0,581821165900.0,2.604123114527379,akshare:tencent_index
2025-12-09,399006,3183.61,3209.6,3235.54,3175.51,194117870.0,528106023600.0,0.6059048293718172,akshare:tencent_index
2025-12-10,399006,3201.38,3209.0,3220.24,3143.41,185507666.0,489058569200.0,-0.018693918245260566,akshare:tencent_index
2025-12-11,399006,3210.55,3163.67,3246.32,3163.67,194039411.0,513225393000.0,-1.412589591773139,akshare:tencent_index
2025-12-12,399006,3172.73,3194.36,3203.25,3137.63,202785453.0,560158751400.0,0.9700758928712583,akshare:tencent_index
2025-12-15,399006,3157.32,3137.8,3184.62,3135.66,180673480.0,466792575100.0,-1.7706207190172685,akshare:tencent_index
2025-12-16,399006,3130.43,3071.76,3141.58,3058.79,181550894.0,446175544000.0,-2.1046593154439353,akshare:tencent_index
2025-12-17,399006,3072.62,3175.91,3181.69,3072.62,186868324.0,488537918700.0,3.39056436700782,akshare:tencent_index
2025-12-18,399006,3138.66,3107.06,3154.07,3107.06,169218740.0,444395999099.99994,-2.1678825911313537,akshare:tencent_index
2025-12-19,399006,3134.8,3122.24,3157.29,3112.03,177361917.0,438271870300.0,0.4885647525313175,akshare:tencent_index
2025-12-22,399006,3153.75,3191.98,3197.94,3153.75,175227535.0,482641701599.99994,2.233652762119509,akshare:tencent_index
2025-12-23,399006,3196.31,3205.01,3227.07,3184.53,183880580.0,493682524799.99994,0.40821057776052605,akshare:tencent_index
2025-12-24,399006,3207.41,3229.58,3235.0,3193.97,182675050.0,502569104700.0,0.7666122726606162,akshare:tencent_index
2025-12-25,399006,3232.97,3239.34,3249.11,3200.49,193569997.0,526293462500.0,0.30220647886103347,akshare:tencent_index
2025-12-26,399006,3232.41,3243.88,3268.69,3219.13,210934630.0,571313750400.0,0.1401520062728867,akshare:tencent_index
2025-12-29,399006,3237.77,3222.61,3250.09,3208.08,196242768.0,537966376200.0,-0.6556962649666431,akshare:tencent_index
2025-12-30,399006,3208.32,3242.9,3251.13,3207.73,206953285.0,559494560600.0,0.6296138843980392,akshare:tencent_index
2025-12-31,399006,3247.74,3203.17,3254.89,3198.25,206198167.0,543691721800.0,-1.2251379937710083,akshare:tencent_index
2026-01-05,399006,3229.93,3294.55,3295.29,3229.93,263142610.0,696218047200.0,2.8527989460440883,akshare:tencent_index
2026-01-06,399006,3279.81,3319.29,3321.44,3265.73,278150655.0,756528810000.0,0.7509371537842702,akshare:tencent_index
2026-01-07,399006,3331.34,3329.69,3351.22,3298.55,271641051.0,756998657700.0,0.31332001723261005,akshare:tencent_index
2026-01-08,399006,3308.74,3302.31,3328.96,3285.16,280864919.0,750335142099.9999,-0.8222987725584052,akshare:tencent_index
2026-01-09,399006,3279.38,3327.81,3330.01,3269.99,333280635.0,872071830800.0,0.7721867420078743,akshare:tencent_index
2026-01-12,399006,3323.64,3388.34,3398.05,3282.39,406851832.0,1085825648900.0,1.8189139403992582,akshare:tencent_index
2026-01-13,399006,3390.69,3321.89,3416.84,3307.63,419547701.0,1077719305600.0,-1.9611373120761333,akshare:tencent_index
2026-01-14,399006,3333.17,3349.14,3403.95,3308.63,439958418.0,1151533419500.0,0.8203161453269159,akshare:tencent_index
2026-01-15,399006,3318.11,3367.92,3372.47,3309.06,307576548.0,841262314700.0,0.560740966337625,akshare:tencent_index
2026-01-16,399006,3394.35,3361.02,3407.86,3354.65,299981551.0,839167229599.9999,-0.20487422504097408,akshare:tencent_index
2026-01-19,399006,3340.94,3337.61,3383.79,3326.13,256405217.0,709156029000.0,-0.6965147484989664,akshare:tencent_index
2026-01-20,399006,3340.46,3277.98,3347.94,3257.44,260731480.0,702679995400.0001,-1.7866077822154214,akshare:tencent_index
2026-01-21,399006,3270.13,3295.52,3329.5,3270.13,230185910.0,651234594700.0,0.5350856320050834,akshare:tencent_index
2026-01-22,399006,3312.75,3328.65,3337.27,3280.32,235389326.0,681535190900.0,1.0053041705102794,akshare:tencent_index
2026-01-23,399006,3334.02,3349.5,3349.5,3316.65,293479372.0,816909953700.0,0.6263800639898953,akshare:tencent_index
2026-01-26,399006,3365.61,3319.15,3367.99,3304.36,314806723.0,838490942800.0,-0.9061053888640092,akshare:tencent_index
2026-01-27,399006,3316.02,3342.6,3366.68,3277.26,266460051.0,745042709800.0,0.7065061838121167,akshare:tencent_index
2026-01-28,399006,3359.79,3323.56,3361.14,3301.05,258142248.0,744175610699.9999,-0.5696164662238989,akshare:tencent_index
2026-01-29,399006,3322.48,3304.51,3356.48,3298.59,294963224.0,789501604100.0,-0.5731805654177968,akshare:tencent_index
2026-01-30,399006,3301.54,3346.36,3369.24,3255.65,263026318.0,726069048500.0,1.266451001812663,akshare:tencent_index
2026-02-02,399006,3368.14,3264.11,3390.3,3262.12,238543608.0,676890732300.0,-2.457894548105999,akshare:tencent_index
2026-02-03,399006,3318.06,3324.89,3332.48,3249.06,230616448.0,677319119100.0,1.8620695993701197,akshare:tencent_index
2026-02-04,399006,3298.32,3311.51,3318.9,3244.71,237312928.0,675589394900.0,-0.40241932815821,akshare:tencent_index
2026-02-05,399006,3277.72,3260.28,3288.38,3238.78,205295208.0,552289133400.0,-1.5470283949014174,akshare:tencent_index
2026-02-06,399006,3222.88,3236.46,3288.03,3199.14,209401230.0,560718182600.0,-0.7306120946667161,akshare:tencent_index
2026-02-09,399006,3299.6,3332.77,3340.33,3276.57,235311933.0,639292445700.0,2.9757821817665064,akshare:tencent_index
2026-02-10,399006,3321.88,3320.54,3348.48,3320.54,240458372.0,592567910400.0,-0.3669620165808074,akshare:tencent_index
2026-02-11,399006,3312.64,3284.74,3324.18,3284.24,220715123.0,560297914600.0,-1.0781378932342434,akshare:tencent_index
2026-02-12,399006,3294.57,3328.06,3334.35,3292.68,225917395.0,613481765600.0,1.3188258431413136,akshare:tencent_index
2026-02-13,399006,3309.43,3275.96,3323.37,3275.29,206249589.0,542116866500.0,-1.565476583955816,akshare:tencent_index
2026-02-24,399006,3331.79,3308.26,3343.24,3292.5,222404056.0,593352962900.0,0.985970524670643,akshare:tencent_index
2026-02-25,399006,3313.09,3354.82,3363.18,3302.76,232054795.0,622233080700.0,1.4073863602014347,akshare:tencent_index
2026-02-26,399006,3346.74,3344.98,3351.57,3310.55,251619744.0,692770295800.0,-0.2933093280712562,akshare:tencent_index
2026-02-27,399006,3303.98,3310.3,3326.58,3292.89,240320830.0,662758934400.0,-1.0367774994170298,akshare:tencent_index
2026-03-02,399006,3257.05,3294.16,3319.91,3257.05,273514912.0,738402865800.0,-0.48756910249827534,akshare:tencent_index
2026-03-03,399006,3316.63,3209.48,3331.26,3206.62,286371200.0,750497944599.9999,-2.5706098064453453,akshare:tencent_index
2026-03-04,399006,3171.19,3164.37,3217.11,3149.41,217331864.0,540959855600.0,-1.405523636227679,akshare:tencent_index
2026-03-05,399006,3236.15,3216.94,3264.8,3194.96,241669489.0,608890526300.0,1.6613101502036765,akshare:tencent_index
2026-03-06,399006,3197.66,3229.3,3248.9,3177.87,222766226.0,540340964500.0,0.384216056252229,akshare:tencent_index
2026-03-09,399006,3152.72,3208.58,3220.01,3111.88,255045462.0,650179202100.0,-0.6416251199950485,akshare:tencent_index
2026-03-10,399006,3281.94,3306.14,3308.75,3272.99,236304274.0,644901557400.0,3.040597398225997,akshare:tencent_index
2026-03-11,399006,3318.41,3349.53,3388.1,3318.41,235567220.0,659568608400.0,1.3124066131500856,akshare:tencent_index
2026-03-12,399006,3357.03,3317.52,3358.77,3286.77,225425058.0,596080416000.0,-0.9556564652354327,akshare:tencent_index
2026-03-13,399006,3296.5,3310.28,3342.85,3296.11,226552974.0,576407243100.0,-0.21823530830258342,akshare:tencent_index
2026-03-16,399006,3323.98,3357.02,3360.35,3284.05,208217725.0,555776665000.0,1.4119651509842068,akshare:tencent_index
2026-03-17,399006,3385.71,3280.06,3390.02,3279.87,207256854.0,559674336100.0,-2.2925094280045966,akshare:tencent_index
2026-03-18,399006,3307.82,3346.37,3350.56,3274.26,193702694.0,539875479799.99994,2.0216093608043773,akshare:tencent_index
2026-03-19,399006,3311.44,3309.1,3361.21,3295.45,199153562.0,541748961100.0,-1.1137441466424813,akshare:tencent_index
2026-03-20,399006,3362.07,3352.1,3426.61,3348.7,225401630.0,659559529700.0,1.2994469795412744,akshare:tencent_index
2026-03-23,399006,3300.56,3235.22,3334.46,3214.82,239669171.0,612416484300.0,-3.4867694877837807,akshare:tencent_index
2026-03-24,399006,3266.93,3251.55,3270.19,3155.27,205225479.0,515432678300.0,0.5047570180698902,akshare:tencent_index
2026-03-25,399006,3287.17,3316.97,3325.26,3278.73,206290186.0,554769228200.0,2.011963525088034,akshare:tencent_index
2026-03-26,399006,3299.03,3272.49,3347.23,3264.0,185458328.0,489469562700.00006,-1.340982884982378,akshare:tencent_index
2026-03-27,399006,3236.37,3295.88,3323.33,3228.41,169688303.0,460779852600.0,0.7147462635485713,akshare:tencent_index
2026-03-30,399006,3254.43,3273.36,3281.39,3224.6,172193857.0,453981833000.0,-0.6832773037853346,akshare:tencent_index
2026-03-31,399006,3247.28,3184.95,3280.48,3184.95,178168265.0,474017219600.0,-2.7008944937312207,akshare:tencent_index
2026-04-01,399006,3255.26,3247.52,3255.26,3206.8,180123659.0,510585857700.00006,1.964552033783895,akshare:tencent_index
2026-04-02,399006,3229.6,3172.65,3229.68,3155.13,174675433.0,454116594600.0,-2.3054515445632306,akshare:tencent_index
2026-04-03,399006,3197.77,3149.6,3199.44,3149.15,161826887.0,434346343600.0,-0.7265219926559818,akshare:tencent_index
2026-04-07,399006,3162.82,3160.82,3181.35,3133.78,146704274.0,394413814500.0,0.35623571247143104,akshare:tencent_index
2026-04-08,399006,3257.91,3347.61,3348.39,3243.78,226902300.0,655429932800.0,5.90954246050075,akshare:tencent_index
2026-04-09,399006,3316.29,3323.3,3340.3,3301.65,195555903.0,571477746800.0,-0.7261897293890263,akshare:tencent_index
2026-04-10,399006,3355.07,3448.79,3470.72,3354.77,205391067.0,647882946500.0,3.776065958535191,akshare:tencent_index
2026-04-13,399006,3434.32,3476.44,3492.48,3434.32,180013140.0,564917428100.0,0.801730461988126,akshare:tencent_index
2026-04-14,399006,3507.11,3558.53,3560.3,3493.37,200966062.0,655853282900.0,2.3613236529323123,akshare:tencent_index
2026-04-15,399006,3596.08,3514.96,3599.98,3491.45,203159933.0,646515424000.0,-1.2243819779515719,akshare:tencent_index
2026-04-16,399006,3531.26,3626.27,3629.42,3518.36,212193010.0,662253182500.0,3.166750119489259,akshare:tencent_index
2026-04-17,399006,3643.15,3678.29,3685.1,3620.33,213647879.0,684281808800.0,1.4345319019267722,akshare:tencent_index
2026-04-20,399006,3657.35,3677.58,3696.26,3642.81,215598844.0,698484540800.0,-0.019302447604729878,akshare:tencent_index
2026-04-21,399006,3662.26,3688.94,3695.74,3619.48,196710069.0,634026122600.0,0.30889878670212756,akshare:tencent_index
2026-04-22,399006,3660.42,3752.76,3755.75,3660.09,208325490.0,690964644300.0001,1.7300362705817918,akshare:tencent_index
2026-04-23,399006,3769.02,3720.25,3785.23,3681.57,234554114.0,741796706000.0,-0.866295739668943,akshare:tencent_index
2026-04-24,399006,3682.5,3667.79,3699.94,3625.0,227960182.0,729481270100.0,-1.4101202876150798,akshare:tencent_index
2026-04-27,399006,3677.89,3648.79,3686.94,3640.11,215941887.0,674213473900.0,-0.5180231147366654,akshare:tencent_index
2026-04-28,399006,3623.49,3596.71,3636.93,3580.39,218834025.0,664872021600.0,-1.4273224822475394,akshare:tencent_index
2026-04-29,399006,3578.42,3687.17,3692.21,3578.42,215002402.0,679396871400.0,2.5150762780429936,akshare:tencent_index
2026-04-30,399006,3704.11,3677.15,3718.4,3660.22,201808141.0,638060867600.0,-0.2717531331617451,akshare:tencent_index
2026-05-06,399006,3760.67,3778.16,3815.07,3724.53,249880273.0,838085984000.0,2.7469643609860928,akshare:tencent_index
2026-05-07,399006,3807.99,3833.06,3840.06,3761.23,252313119.0,839415277800.0,1.4530882757744612,akshare:tencent_index
2026-05-08,399006,3792.04,3796.13,3840.16,3787.17,242873982.0,782390376400.0,-0.963460003235006,akshare:tencent_index
2026-05-11,399006,3829.61,3928.97,3937.87,3797.5,264046160.0,922847287099.9999,3.499353288744045,akshare:tencent_index
2026-05-12,399006,3947.14,3934.88,3954.99,3897.82,247035078.0,838293258000.0,0.15042110273175702,akshare:tencent_index
2026-05-13,399006,3900.74,4038.33,4041.99,3893.8,248072070.0,860686701900.0,2.629050949457157,akshare:tencent_index
2026-05-14,399006,4087.85,3951.14,4090.42,3937.6,250323172.0,887382494100.0,-2.159060799885104,akshare:tencent_index
2026-05-15,399006,3957.74,3929.06,4002.73,3870.37,245569819.0,876510686300.0,-0.5588260603268891,akshare:tencent_index
2026-05-18,399006,3895.07,3914.88,3961.16,3883.4,217646936.0,757350469300.0001,-0.36090057163800093,akshare:tencent_index
2026-05-19,399006,3894.0,3908.44,3918.31,3808.47,223481304.0,762720750300.0,-0.1645005721759074,akshare:tencent_index
2026-05-20,399006,3889.68,3921.79,3947.22,3887.15,222605616.0,756328408400.0,0.34156850303446173,akshare:tencent_index
2026-05-21,399006,3962.3,3829.78,4017.81,3827.52,265528742.0,896007099000.0,-2.346122561381403,akshare:tencent_index
2026-05-22,399006,3875.81,3938.5,3948.99,3856.21,214290151.0,787396763199.9999,2.8388053621879017,akshare:tencent_index
2026-05-25,399006,3974.97,4021.16,4022.74,3905.69,231457815.0,878510327200.0,2.098768566713205,akshare:tencent_index
2026-05-26,399006,4003.13,4043.07,4057.37,3985.51,228092127.0,837209303900.0,0.5448676501308203,akshare:tencent_index
2026-05-27,399006,4053.68,4045.77,4148.23,4015.65,224129186.0,834578267000.0,0.06678093626872883,akshare:tencent_index
2026-05-28,399006,4042.08,4125.07,4135.38,3971.72,207796485.0,768291117900.0001,1.9600718775412362,akshare:tencent_index
2026-05-29,399006,4141.91,4037.95,4158.69,4010.12,233413759.0,850350414200.0,-2.111964160608182,akshare:tencent_index
2026-06-01,399006,4057.39,3950.94,4081.42,3942.68,210798809.0,728530856700.0,-2.1548062754615516,akshare:tencent_index
2026-06-02,399006,3987.41,4055.87,4083.92,3946.11,203915728.0,714031279200.0,2.6558236774033572,akshare:tencent_index
2026-06-03,399006,4089.02,4122.99,4218.33,4063.2,218925848.0,803001384400.0,1.6548853883383785,akshare:tencent_index
2026-06-04,399006,4072.55,4088.88,4114.24,4051.15,202724870.0,697606653000.0,-0.8273122175896486,akshare:tencent_index
2026-06-05,399006,4079.95,3957.94,4105.21,3933.07,228732023.0,816091905800.0,-3.20234391813895,akshare:tencent_index
2026-06-08,399006,3820.23,3811.79,3903.77,3776.93,228336414.0,722402374900.0,-3.6925774519067978,akshare:tencent_index
2026-06-09,399006,3865.69,3961.75,3962.9,3823.76,209755585.0,720241468500.0,3.9341096964943034,akshare:tencent_index
2026-06-10,399006,3897.73,3854.79,3928.36,3818.31,203947087.0,648811830100.0,-2.6998170000631094,akshare:tencent_index
2026-06-11,399006,3839.19,3811.25,3910.28,3755.61,198465341.0,649928667500.0,-1.12950381214022,akshare:tencent_index
2026-06-12,399006,3921.09,3830.35,3921.53,3822.42,230246100.0,805740233100.0,0.5011479173499422,akshare:tencent_index
2026-06-15,399006,3896.17,4033.53,4033.53,3844.08,221269003.0,790537830500.0,5.304476092263122,akshare:tencent_index
2026-06-16,399006,4065.27,4102.94,4142.43,4053.88,225905115.0,829816569599.9999,1.7208251829042842,akshare:tencent_index
2026-06-17,399006,4061.3,4167.05,4168.16,4058.61,221861568.0,824852280400.0001,1.5625380824482171,akshare:tencent_index
2026-06-18,399006,4153.62,4252.39,4272.01,4153.62,226559938.0,862178853000.0,2.047971586614028,akshare:tencent_index
2026-06-22,399006,4272.99,4359.39,4359.39,4229.31,272346002.0,1020554141000.0,2.516232048330469,akshare:tencent_index
2026-06-23,399006,4343.88,4192.19,4350.06,4159.48,245858967.0,901646041900.0,-3.8353989893081586,akshare:tencent_index
2026-06-24,399006,4181.91,4251.42,4257.25,4161.58,232494708.0,847420891000.0,1.4128653519998036,akshare:tencent_index
2026-06-25,399006,4278.34,4371.99,4380.41,4242.86,246522881.0,976496626000.0,2.8359936209548797,akshare:tencent_index
2026-06-26,399006,4319.41,4194.21,4328.7,4175.38,240931473.0,932482905900.0,-4.06634049940644,akshare:tencent_index
2026-06-29,399006,4200.67,4216.7,4265.46,4103.63,243571409.0,916359643199.9999,0.5362154017085397,akshare:tencent_index
2026-06-30,399006,4217.63,4342.71,4353.11,4205.74,223185932.0,859826036700.0,2.9883558232741247,akshare:tencent_index
2026-07-01,399006,4336.16,4260.72,4361.83,4222.22,264901000.0,981521124300.0001,-1.8879915997153773,akshare:tencent_index
2026-07-02,399006,4135.34,4017.27,4168.87,3999.57,249554568.0,890373241500.0,-5.7138230158283125,akshare:tencent_index
2026-07-03,399006,4010.82,4019.93,4115.63,3985.36,228453195.0,803808036600.0,0.06621412053458009,akshare:tencent_index
2026-07-06,399006,4050.88,3948.86,4063.63,3903.48,216576771.0,764016395600.0,-1.767941232807524,akshare:tencent_index
2026-07-07,399006,3931.44,3911.91,3976.11,3859.43,185806984.0,622030174200.0,-0.9357130918796863,akshare:tencent_index
2026-07-08,399006,3932.42,3845.35,3965.39,3824.33,192572049.0,651773535700.0,-1.701470637105662,akshare:tencent_index
2026-07-09,399006,3892.12,4018.17,4025.32,3812.66,208378136.0,722049721300.0,4.494259300193737,akshare:tencent_index
2026-07-10,399006,4041.86,3842.73,4060.53,3842.35,248254176.0,853943335300.0,-4.366166687820572,akshare:tencent_index
2026-07-13,399006,3809.86,3723.52,3855.75,3691.23,219895176.0,692970559900.0,-3.1022215976662437,akshare:tencent_index
2026-07-14,399006,3729.61,3851.14,3855.03,3673.96,196146517.0,653269516200.0,3.4274020281883866,akshare:tencent_index
2026-07-15,399006,3879.77,3804.7,3905.31,3794.34,197252763.0,592843791500.0,-1.2058767014442529,akshare:tencent_index
2026-07-16,399006,3710.51,3692.46,3796.35,3658.07,198456563.0,577419190000.0,-2.950035482429625,akshare:tencent_index
2026-07-17,399006,3642.06,3428.63,3642.06,3387.26,230221243.0,682603696800.0001,-7.1451010979130425,akshare:tencent_index
2026-07-20,399006,3504.12,3443.1,3550.59,3338.21,237174099.0,671204866000.0,0.42203445691135766,akshare:tencent_index
2026-07-21,399006,3469.22,3685.97,3687.15,3373.04,258922406.0,741575473500.0,7.053817780488503,akshare:tencent_index
2026-07-22,399006,3644.98,3566.73,3694.9,3553.37,205833919.0,639793601400.0,-3.2349693567771842,akshare:tencent_index
2026-07-23,399006,3596.73,3575.52,3621.73,3538.11,181766334.0,516332999200.0,0.2464442220184937,akshare:tencent_index
2026-07-24,399006,3515.5,3480.87,3561.35,3480.87,168793607.0,446933265600.0,-2.6471674050208116,akshare:tencent_index
2026-07-27,399006,3482.04,3590.79,3592.1,3449.21,175227394.0,480776651400.0,3.157831231847208,akshare:tencent_index
2026-07-28,399006,3478.86,3327.03,3511.7,3312.3,174708042.0,520079776400.0,-7.345458798760152,akshare:tencent_index
2026-07-29,399006,3333.48,3378.7,3411.03,3249.65,201044720.0,565932759700.0,1.5530367925747468,akshare:tencent_index
2026-07-30,399006,3331.32,3244.62,3353.81,3158.14,203836418.0,598474829700.0,-3.9683902092520817,akshare:tencent_index
2026-07-31,399006,3411.61,3343.96,3464.9,3343.96,236170945.0,671226880300.0,3.0616836486244914,akshare:tencent_index
2026-08-03,399006,3320.09,3302.55,3342.17,3280.84,187720972.0,486504338900.0,-1.2383521333987235,akshare:tencent_index
2026-08-04,399006,3353.51,3488.97,3510.51,3342.41,211106623.0,601613215200.0,5.644729072989052,akshare:tencent_index
2026-08-05,399006,3372.08,3535.14,3584.06,3372.04,226495353.0,720546199800.0,1.323313184120245,akshare:tencent_index
2026-08-06,399006,3472.15,3515.56,3574.41,3444.36,218807247.0,657908332200.0,-0.5538677393257418,akshare:tencent_index
2026-08-07,399006,3537.44,3563.12,3613.87,3507.62,229977435.0,730103726000.0,1.3528427903378049,akshare:tencent_index
2026-08-10,399006,3567.05,3537.21,3575.59,3470.95,208986302.0,657874162800.0,-0.7271716922247928,akshare:tencent_index
2026-08-11,399006,3533.89,3549.16,3601.59,3517.57,190755076.0,597523816300.0,0.33783688274091617,akshare:tencent_index
2026-08-12,399006,3542.13,3602.08,3625.27,3540.95,183438948.0,561500227000.0,1.4910570388486422,akshare:tencent_index
2026-08-13,399006,3656.88,3586.04,3681.8,3585.27,220850675.0,661486621800.0,-0.44529827210945117,akshare:tencent_index
2026-08-14,399006,3610.19,3626.3,3633.03,3578.61,193507809.0,553388505300.0,1.12268686350403,akshare:tencent_index
2026-08-17,399006,3632.78,3740.16,3740.16,3604.17,194278692.0,629069342000.0,3.139839505832387,akshare:tencent_index
2026-08-18,399006,3730.99,3705.56,3747.53,3662.45,196213815.0,606082772500.0,-0.9250941136208057,akshare:tencent_index
2026-08-19,399006,3605.52,3473.49,3622.5,3455.48,205509141.0,633622296400.0,-6.262751109144105,akshare:tencent_index
2026-08-20,399006,3517.65,3495.59,3531.92,3459.57,182875324.0,522726895100.0,0.6362476932422645,akshare:tencent_index
2026-08-21,399006,3495.11,3545.58,3563.06,3478.52,168896802.0,491255968700.0,1.4300876246928107,akshare:tencent_index
2026-08-24,399006,3550.25,3431.89,3551.51,3376.64,170316149.0,505828223600.0,-3.206527563896455,akshare:tencent_index
2026-08-25,399006,3403.2,3397.52,3440.65,3359.74,170664183.0,463976734900.0,-1.0014889754624945,akshare:tencent_index
2026-08-26,399006,3409.28,3414.88,3455.89,3379.14,164782656.0,443580627800.0,0.5109609362123013,akshare:tencent_index
2026-08-27,399006,3437.9,3473.35,3474.07,3408.8,182569439.0,542320186100.0,1.712212434990379,akshare:tencent_index
2026-08-28,399006,3453.73,3424.4,3521.47,3423.07,186154222.0,544255103800.0,-1.4093022586263881,akshare:tencent_index
2026-08-31,399006,3367.04,3438.68,3438.68,3359.14,192655375.0,528235443700.0,0.4170073589533807,akshare:tencent_index
2026-09-01,399006,3435.32,3393.43,3442.48,3375.01,194899306.0,507083394000.0,-1.315911919690116,akshare:tencent_index
2026-09-02,399006,3347.68,3312.24,3348.69,3296.47,165249225.0,438699747700.00006,-2.3925644554329994,akshare:tencent_index
2026-09-03,399006,3342.09,3312.54,3356.25,3285.06,161532447.0,430677809099.99994,0.009057314687344054,akshare:tencent_index
2026-09-04,399006,3344.62,3286.55,3370.47,3266.8,193413042.0,499808878800.0,-0.784594299238639,akshare:tencent_index
2026-09-07,399006,3326.42,3398.68,3409.36,3320.27,165865859.0,508513071400.0,3.4117843939693415,akshare:tencent_index
2026-09-08,399006,3394.35,3359.72,3418.48,3346.71,167083577.0,473706635500.0,-1.146327397695579,akshare:tencent_index
2026-09-09,399006,3398.22,3354.97,3398.22,3327.14,158799979.0,433306577299.99994,-0.14138082935483132,akshare:tencent_index
2026-09-10,399006,3324.33,3338.42,3368.73,3308.71,142181720.0,380056426200.0,-0.49329800266469936,akshare:tencent_index
2026-09-11,399006,3310.01,3322.04,3335.81,3261.1,165103482.0,457744517600.0,-0.4906512661678297,akshare:tencent_index
2026-09-14,399006,3279.31,3285.58,3331.05,3262.49,137734087.0,395557538100.0,-1.097518392313157,akshare:tencent_index
2026-09-15,399006,3280.85,3247.92,3315.33,3245.06,137216832.0,386928959400.0,-1.146220758587524,akshare:tencent_index
2026-09-16,399006,3246.89,3311.47,3327.56,3227.18,144169407.0,461681409300.0,1.9566368629769126,akshare:tencent_index
2026-09-17,399006,3297.31,3298.31,3351.42,3293.93,145220257.0,443225376200.0,-0.3974065898226464,akshare:tencent_index
2026-09-18,399006,3351.56,3372.68,3398.16,3313.21,161649031.0,522382656800.0,2.254791089982433,akshare:tencent_index
2026-09-21,399006,3403.9,3399.59,3429.27,3373.93,176424755.0,522222403500.0,0.7978818031950885,akshare:tencent_index
2026-09-22,399006,3446.33,3399.93,3472.47,3387.88,185614141.0,541297469500.0,0.010001206027787646,akshare:tencent_index
2026-09-23,399006,3412.53,3379.61,3412.53,3372.95,159522487.0,439776987000.0,-0.5976593635751204,akshare:tencent_index
2026-09-24,399006,3366.89,3288.95,3371.61,3288.95,141668111.0,411940637800.0,-2.682558046638528,akshare:tencent_index
2026-09-28,399006,3267.6,3139.82,3270.81,3125.2,150166744.0,430380130200.00006,-4.53427385639793,akshare:tencent_index
2026-09-29,399006,3136.53,3142.56,3158.91,3128.48,129058909.0,356509837200.0,0.08726614901490848,akshare:tencent_index
2026-09-30,399006,3164.7,3135.28,3173.36,3125.49,133666684.0,366238724600.0,-0.23165826587240312,akshare:tencent_index
