effective_date,announcement_date,out_symbol,out_name,in_symbol,in_name,source_url
2021-06-15,2021-05-28,688015,交控科技,688065,凯赛生物,https://www.sse.com.cn/market/sseindex/diclosure/c/c_20210528_5476669.shtml
2021-06-15,2021-05-28,688030,山石网科,688185,康希诺-U,https://www.sse.com.cn/market/sseindex/diclosure/c/c_20210528_5476669.shtml
2021-06-15,2021-05-28,688101,三达膜,688289,圣湘生物,https://www.sse.com.cn/market/sseindex/diclosure/c/c_20210528_5476669.shtml
2021-06-15,2021-05-28,688138,清溢光电,688521,芯原股份-U,https://www.sse.com.cn/market/sseindex/diclosure/c/c_20210528_5476669.shtml
2021-06-15,2021-05-28,688299,长阳科技,689009,九号公司-WD,https://www.sse.com.cn/market/sseindex/diclosure/c/c_20210528_5476669.shtml
2021-09-13,2021-08-27,688020,方邦股份,688063,派能科技,https://www.sse.com.cn/market/sseindex/diclosure/c/c_20210827_5560885.shtml
2021-09-13,2021-08-27,688066,航天宏图,688536,思瑞浦,https://www.sse.com.cn/market/sseindex/diclosure/c/c_20210827_5560885.shtml
2021-09-13,2021-08-27,688098,申联生物,688608,恒玄科技,https://www.sse.com.cn/market/sseindex/diclosure/c/c_20210827_5560885.shtml
2021-09-13,2021-08-27,688389,普门科技,688777,中控技术,https://www.sse.com.cn/market/sseindex/diclosure/c/c_20210827_5560885.shtml
2021-09-13,2021-08-27,688567,孚能科技,688819,天能股份,https://www.sse.com.cn/market/sseindex/diclosure/c/c_20210827_5560885.shtml
2021-12-13,2021-11-26,688007,光峰科技,688083,中望软件,https://www.sse.com.cn/market/sseindex/diclosure/c/c_20211126_5644497.shtml
2021-12-13,2021-11-26,688018,乐鑫科技,688303,大全能源,https://www.sse.com.cn/market/sseindex/diclosure/c/c_20211126_5644497.shtml
2021-12-13,2021-11-26,688019,安集科技,688390,固德威,https://www.sse.com.cn/market/sseindex/diclosure/c/c_20211126_5644497.shtml
2021-12-13,2021-11-26,688100,威胜信息,688686,奥普特,https://www.sse.com.cn/market/sseindex/diclosure/c/c_20211126_5644497.shtml
2021-12-13,2021-11-26,688278,特宝生物,688696,极米科技,https://www.sse.com.cn/market/sseindex/diclosure/c/c_20211126_5644497.shtml
2022-03-14,2022-02-25,688001,华兴源创,688161,威高骨科,https://www.sse.com.cn/market/sseindex/diclosure/c/c_20220225_5695296.shtml
2022-03-14,2022-02-25,688158,优刻得-W,688202,美迪西,https://www.sse.com.cn/market/sseindex/diclosure/c/c_20220225_5695296.shtml
2022-03-14,2022-02-25,688166,博瑞医药,688276,百克生物,https://www.sse.com.cn/market/sseindex/diclosure/c/c_20220225_5695296.shtml
2022-03-14,2022-02-25,688266,泽璟制药-U,688538,和辉光电-U,https://www.sse.com.cn/market/sseindex/diclosure/c/c_20220225_5695296.shtml
2022-03-14,2022-02-25,688321,微芯生物,688690,纳微科技,https://www.sse.com.cn/market/sseindex/diclosure/c/c_20220225_5695296.shtml
2022-06-13,2022-05-27,688016,心脉医疗,688187,时代电气,https://www.sse.com.cn/market/sseindex/diclosure/c/c_20220527_5702708.shtml
2022-06-13,2022-05-27,688023,安恒信息,688223,晶科能源,https://www.sse.com.cn/market/sseindex/diclosure/c/c_20220527_5702708.shtml
2022-06-13,2022-05-27,688088,虹软科技,688728,格科微,https://www.sse.com.cn/market/sseindex/diclosure/c/c_20220527_5702708.shtml
2022-06-13,2022-05-27,688366,昊海生科,688772,珠海冠宇,https://www.sse.com.cn/market/sseindex/diclosure/c/c_20220527_5702708.shtml
2022-06-13,2022-05-27,688368,晶丰明源,688779,长远锂科,https://www.sse.com.cn/market/sseindex/diclosure/c/c_20220527_5702708.shtml
2022-09-13,2022-08-26,688083,中望软件,688032,禾迈股份,https://www.sse.com.cn/market/sseindex/diclosure/c/c_20220826_5707512.shtml
2022-09-13,2022-08-26,688161,威高骨科,688082,盛美上海,https://www.sse.com.cn/market/sseindex/diclosure/c/c_20220826_5707512.shtml
2022-09-13,2022-08-26,688289,圣湘生物,688105,诺唯赞,https://www.sse.com.cn/market/sseindex/diclosure/c/c_20220826_5707512.shtml
2022-09-13,2022-08-26,688686,奥普特,688220,翱捷科技-U,https://www.sse.com.cn/market/sseindex/diclosure/c/c_20220826_5707512.shtml
2022-09-13,2022-08-26,688696,极米科技,688301,奕瑞科技,https://www.sse.com.cn/market/sseindex/diclosure/c/c_20220826_5707512.shtml
2022-12-12,2022-11-25,688002,睿创微纳,688041,海光信息,https://www.sse.com.cn/market/sseindex/diclosure/c/c_20221125_5712726.shtml
2022-12-12,2022-11-25,688029,南微医学,688052,纳芯微,https://www.sse.com.cn/market/sseindex/diclosure/c/c_20221125_5712726.shtml
2022-12-12,2022-11-25,688208,道通科技,688234,天岳先进,https://www.sse.com.cn/market/sseindex/diclosure/c/c_20221125_5712726.shtml
2022-12-12,2022-11-25,688388,嘉元科技,688271,联影医疗,https://www.sse.com.cn/market/sseindex/diclosure/c/c_20221125_5712726.shtml
2022-12-12,2022-11-25,688608,恒玄科技,688295,中复神鹰,https://www.sse.com.cn/market/sseindex/diclosure/c/c_20221125_5712726.shtml
2023-03-13,2023-02-24,688006,杭可科技,688047,龙芯中科,https://www.sse.com.cn/market/sseindex/diclosure/c/c_20230224_5716888.shtml
2023-03-13,2023-02-24,688139,海尔生物,688348,昱能科技,https://www.sse.com.cn/market/sseindex/diclosure/c/c_20230224_5716888.shtml
2023-03-13,2023-02-24,688185,康希诺,688349,三一重能,https://www.sse.com.cn/market/sseindex/diclosure/c/c_20230224_5716888.shtml
2023-03-13,2023-02-24,688202,美迪西,688375,国博电子,https://www.sse.com.cn/market/sseindex/diclosure/c/c_20230224_5716888.shtml
2023-03-13,2023-02-24,688276,百克生物,688385,复旦微电,https://www.sse.com.cn/market/sseindex/diclosure/c/c_20230224_5716888.shtml
2023-06-12,2023-05-26,688105,诺唯赞,688114,华大智造,https://www.sse.com.cn/market/sseindex/diclosure/c/c_20230526_5721790.shtml
2023-06-12,2023-05-26,688116,天奈科技,688297,中无人机,https://www.sse.com.cn/market/sseindex/diclosure/c/c_20230526_5721790.shtml
2023-09-11,2023-08-25,688690,纳微科技,688072,拓荆科技,https://www.sse.com.cn/market/sseindex/diclosure/c/c_20230825_5725641.shtml
2023-09-11,2023-08-25,688772,珠海冠宇,688120,华海清科,https://www.sse.com.cn/market/sseindex/diclosure/c/c_20230825_5725641.shtml
2023-12-11,2023-11-24,689009,九号公司-WD,688506,百利天恒-U,https://www.sse.com.cn/market/sseindex/diclosure/c/c_20231124_5730732.shtml
2024-03-11,2024-02-23,688052,纳芯微,688249,晶合集成,https://www.sse.com.cn/market/sseindex/diclosure/c/c_20240223_5735673.shtml
2024-03-11,2024-02-23,688348,昱能科技,688472,阿特斯,https://www.sse.com.cn/market/sseindex/diclosure/c/c_20240223_5735673.shtml
2024-03-11,2024-02-23,688779,长远锂科,688563,航材股份,https://www.sse.com.cn/market/sseindex/diclosure/c/c_20240223_5735673.shtml
2024-06-17,2024-05-31,688005,容百科技,688469,芯联集成,https://www.sse.com.cn/market/sseindex/diclosure/c/c_20240531_10758201.shtml
2024-06-17,2024-05-31,688032,禾迈股份,688475,萤石网络,https://www.sse.com.cn/market/sseindex/diclosure/c/c_20240531_10758201.shtml
2024-06-17,2024-05-31,688536,思瑞浦,688525,佰维存储,https://www.sse.com.cn/market/sseindex/diclosure/c/c_20240531_10758201.shtml
2024-09-18,2024-08-30,688063,派能科技,688617,惠泰医疗,https://www.sse.com.cn/market/sseindex/diclosure/c/c_20240830_10761173.shtml
2024-09-18,2024-08-30,688390,固德威,689009,九号公司,https://www.sse.com.cn/market/sseindex/diclosure/c/c_20240830_10761173.shtml
2025-03-17,2025-02-28,688220,翱捷科技,688213,思特威,https://www.sse.com.cn/market/sseindex/diclosure/c/c_20250228_10773107.shtml
2025-03-17,2025-02-28,688301,奕瑞科技,688278,特宝生物,https://www.sse.com.cn/market/sseindex/diclosure/c/c_20250228_10773107.shtml
2025-03-17,2025-02-28,688385,复旦微电,688578,艾力斯,https://www.sse.com.cn/market/sseindex/diclosure/c/c_20250228_10773107.shtml
2025-06-16,2025-05-30,688295,中复神鹰,688608,恒玄科技,https://www.sse.com.cn/market/sseindex/diclosure/c/c_20250530_10780448.shtml
2025-09-15,2025-08-29,688561,奇安信-U,688183,生益电子,https://www.sse.com.cn/market/sseindex/diclosure/c/c_20250829_10790116.shtml
2025-12-15,2025-11-28,688363,华熙生物,688220,翱捷科技,https://www.sse.com.cn/market/sseindex/diclosure/c/c_20251128_10800153.shtml
2025-12-15,2025-11-28,688563,航材股份,688702,盛科通信,https://www.sse.com.cn/market/sseindex/diclosure/c/c_20251128_10800153.shtml
2026-03-16,2026-02-27,688180,君实生物-U,688027,国盾量子,https://www.sse.com.cn/market/sseindex/diclosure/c/c_20260227_10810439.shtml
2026-03-16,2026-02-27,688475,萤石网络,688361,中科飞测,https://www.sse.com.cn/market/sseindex/diclosure/c/c_20260227_10810439.shtml
2026-03-16,2026-02-27,688819,天能股份,688568,中科星图,https://www.sse.com.cn/market/sseindex/diclosure/c/c_20260227_10810439.shtml
2026-06-15,2026-05-29,688114,华大智造,688347,华虹公司,https://www.sse.com.cn/market/sseindex/diclosure/c/c_20260529_10820183.shtml
2026-06-15,2026-05-29,688234,天岳先进,688498,源杰科技,https://www.sse.com.cn/market/sseindex/diclosure/c/c_20260529_10820183.shtml
2026-06-15,2026-05-29,688278,特宝生物,688795,摩尔线程,https://www.sse.com.cn/market/sseindex/diclosure/c/c_20260529_10820183.shtml
2026-06-15,2026-05-29,688349,三一重能,688802,沐曦股份,https://www.sse.com.cn/market/sseindex/diclosure/c/c_20260529_10820183.shtml
2026-09-14,2026-08-28,688065,凯赛生物,688002,睿创微纳,https://www.sse.com.cn/market/sseindex/diclosure/c/c_20260828_10830242.shtml
2026-09-14,2026-08-28,688297,中无人机,688629,华丰科技,https://www.sse.com.cn/market/sseindex/diclosure/c/c_20260828_10830242.shtml
2026-09-14,2026-08-28,688538,和辉光电,688729,屹唐股份,https://www.sse.com.cn/market/sseindex/diclosure/c/c_20260828_10830242.shtml
2026-09-14,2026-08-28,688608,恒玄科技,688775,影石创新,https://www.sse.com.cn/market/sseindex/diclosure/c/c_20260828_10830242.shtml
2026-09-14,2026-08-28,688617,惠泰医疗,688820,盛合晶微,https://www.sse.com.cn/market/sseindex/diclosure/c/c_20260828_10830242.shtml
